-- --------------------------------------------------------
-- Host:                         127.0.0.1
-- Server version:               5.6.14 - MySQL Community Server (GPL)
-- Server OS:                    Win32
-- HeidiSQL Version:             8.3.0.4714
-- --------------------------------------------------------

/*!40101 SET @OLD_CHARACTER_SET_CLIENT=@@CHARACTER_SET_CLIENT */;
/*!40101 SET NAMES utf8 */;
/*!40014 SET @OLD_FOREIGN_KEY_CHECKS=@@FOREIGN_KEY_CHECKS, FOREIGN_KEY_CHECKS=0 */;
/*!40101 SET @OLD_SQL_MODE=@@SQL_MODE, SQL_MODE='NO_AUTO_VALUE_ON_ZERO' */;

-- Dumping database structure for advlogin
CREATE DATABASE IF NOT EXISTS `advlogin` /*!40100 DEFAULT CHARACTER SET utf8 COLLATE utf8_spanish_ci */;
USE `advlogin`;


-- Dumping structure for table advlogin.account
CREATE TABLE IF NOT EXISTS `account` (
  `id_account` int(11) NOT NULL,
  `id_user` int(11) NOT NULL,
  `money` int(11) NOT NULL,
  `pin` varchar(4) COLLATE utf8_spanish_ci NOT NULL,
  `active` int(11) NOT NULL,
  PRIMARY KEY (`id_account`),
  KEY `id_account` (`id_account`)
) ENGINE=InnoDB DEFAULT CHARSET=utf8 COLLATE=utf8_spanish_ci;

-- Dumping data for table advlogin.account: ~8 rows (approximately)
DELETE FROM `account`;
/*!40000 ALTER TABLE `account` DISABLE KEYS */;
INSERT INTO `account` (`id_account`, `id_user`, `money`, `pin`, `active`) VALUES
	(27786578, 24, 250, '9876', 1),
	(38632488, 24, 0, '6789', 1),
	(77642559, 24, 100000, '9483', 1),
	(83748267, 24, 0, '5678', 1),
	(86423334, 1, 9750, '4567', 1),
	(123456789, 1, 3481, '1234', 1),
	(123789456, 3, 12900, '2345', 1),
	(2147483647, 1, 9119, '3456', 1);
/*!40000 ALTER TABLE `account` ENABLE KEYS */;


-- Dumping structure for table advlogin.news
CREATE TABLE IF NOT EXISTS `news` (
  `id` int(11) NOT NULL AUTO_INCREMENT,
  `title` varchar(55) CHARACTER SET utf8 COLLATE utf8_bin NOT NULL,
  `body` text CHARACTER SET utf8 COLLATE utf8_bin NOT NULL,
  `author` varchar(55) CHARACTER SET utf8 COLLATE utf8_bin NOT NULL,
  `created` date NOT NULL DEFAULT '0000-00-00',
  `active` tinyint(1) NOT NULL DEFAULT '0',
  PRIMARY KEY (`id`)
) ENGINE=MyISAM AUTO_INCREMENT=3 DEFAULT CHARSET=utf8;

-- Dumping data for table advlogin.news: 2 rows
DELETE FROM `news`;
/*!40000 ALTER TABLE `news` DISABLE KEYS */;
INSERT INTO `news` (`id`, `title`, `body`, `author`, `created`, `active`) VALUES
	(1, 'Welcome to our Client Area!', '&lt;p&gt;Please take a look around&lt;br&gt;&lt;/p&gt;', 'Administrator', '2014-06-17', 0),
	(2, 'New users created', 'We welcome our new members to the site. Lets see what can we do for them to stick around.', 'Site Admin', '2014-06-17', 1);
/*!40000 ALTER TABLE `news` ENABLE KEYS */;


-- Dumping structure for table advlogin.settings
CREATE TABLE IF NOT EXISTS `settings` (
  `site_name` varchar(50) DEFAULT NULL,
  `site_email` varchar(40) DEFAULT NULL,
  `site_url` varchar(200) DEFAULT NULL,
  `reg_allowed` tinyint(1) NOT NULL DEFAULT '1',
  `user_limit` tinyint(1) NOT NULL DEFAULT '0',
  `reg_verify` tinyint(1) NOT NULL DEFAULT '0',
  `notify_admin` tinyint(1) NOT NULL DEFAULT '0',
  `auto_verify` tinyint(1) NOT NULL DEFAULT '0',
  `user_perpage` varchar(4) NOT NULL DEFAULT '10',
  `thumb_w` varchar(4) NOT NULL,
  `thumb_h` varchar(4) NOT NULL,
  `logo` varchar(50) DEFAULT NULL,
  `backup` varchar(60) DEFAULT NULL,
  `mailer` enum('PHP','SMTP') NOT NULL DEFAULT 'PHP',
  `smtp_host` varchar(100) DEFAULT NULL,
  `smtp_user` varchar(50) DEFAULT NULL,
  `smtp_pass` varchar(50) DEFAULT NULL,
  `smtp_port` varchar(6) DEFAULT NULL,
  `is_ssl` tinyint(1) NOT NULL DEFAULT '0',
  `version` varchar(5) DEFAULT NULL
) ENGINE=MyISAM DEFAULT CHARSET=utf8;

-- Dumping data for table advlogin.settings: 1 rows
DELETE FROM `settings`;
/*!40000 ALTER TABLE `settings` DISABLE KEYS */;
INSERT INTO `settings` (`site_name`, `site_email`, `site_url`, `reg_allowed`, `user_limit`, `reg_verify`, `notify_admin`, `auto_verify`, `user_perpage`, `thumb_w`, `thumb_h`, `logo`, `backup`, `mailer`, `smtp_host`, `smtp_user`, `smtp_pass`, `smtp_port`, `is_ssl`, `version`) VALUES
	('Secure Coding Test Site', 'site@mail.com', 'http://localhost/loginsys', 1, 0, 0, 0, 0, '10', '72', '72', 'logo.png', '27-Sep-2013_17-35-49.sql', 'PHP', '', '', '', '0', 0, '2.50');
/*!40000 ALTER TABLE `settings` ENABLE KEYS */;


-- Dumping structure for table advlogin.transactions
CREATE TABLE IF NOT EXISTS `transactions` (
  `id` int(11) NOT NULL AUTO_INCREMENT,
  `from_account` int(11) NOT NULL,
  `to_account` int(11) NOT NULL,
  `ammount` int(11) NOT NULL,
  `token` varchar(50) COLLATE utf8_spanish_ci NOT NULL,
  `transaction_date` int(11) NOT NULL,
  `transaction_state` int(11) NOT NULL,
  `transaction_type` int(11) NOT NULL,
  PRIMARY KEY (`id`,`from_account`,`to_account`),
  KEY `id` (`id`)
) ENGINE=InnoDB AUTO_INCREMENT=9 DEFAULT CHARSET=utf8 COLLATE=utf8_spanish_ci;

-- Dumping data for table advlogin.transactions: ~4 rows (approximately)
DELETE FROM `transactions`;
/*!40000 ALTER TABLE `transactions` DISABLE KEYS */;
INSERT INTO `transactions` (`id`, `from_account`, `to_account`, `ammount`, `token`, `transaction_date`, `transaction_state`, `transaction_type`) VALUES
	(1, 2147483647, 123456789, 100, '5wdPaHDQFPMqdZ3', 2147483647, 1, 1),
	(3, 2147483647, 123789456, 200, '44H7M5uarpz4jQt', 2147483647, 1, 1),
	(5, 2147483647, 123456789, 125, 'baeXFD7n6PRVxpd', 2147483647, 1, 1),
	(6, 2147483647, 123456789, 156, 'gThzER7V6m7XwVr', 2147483647, 1, 1),
	(7, 86423334, 27786578, 100, '3tA53abae3e6078', 2147483647, 1, 1),
	(8, 86423334, 27786578, 150, '5Zf53abae3e7ebe', 2147483647, 1, 1);
/*!40000 ALTER TABLE `transactions` ENABLE KEYS */;


-- Dumping structure for table advlogin.users
CREATE TABLE IF NOT EXISTS `users` (
  `id` int(11) NOT NULL AUTO_INCREMENT,
  `username` varchar(30) NOT NULL,
  `password` varchar(32) DEFAULT NULL,
  `cookie_id` varchar(64) NOT NULL DEFAULT '0',
  `token` varchar(128) NOT NULL DEFAULT '0',
  `userlevel` tinyint(1) unsigned NOT NULL DEFAULT '1',
  `email` varchar(50) DEFAULT NULL,
  `fname` varchar(50) DEFAULT NULL,
  `lname` varchar(50) DEFAULT NULL,
  `country` varchar(60) DEFAULT NULL,
  `avatar` varchar(60) NOT NULL,
  `ip` varchar(16) NOT NULL,
  `created` datetime NOT NULL DEFAULT '0000-00-00 00:00:00',
  `lastlogin` datetime NOT NULL DEFAULT '0000-00-00 00:00:00',
  `lastip` varchar(16) DEFAULT NULL,
  `notes` text,
  `newsletter` tinyint(1) NOT NULL DEFAULT '0',
  `active` enum('y','n','b','t') NOT NULL DEFAULT 'n',
  PRIMARY KEY (`id`)
) ENGINE=MyISAM AUTO_INCREMENT=25 DEFAULT CHARSET=utf8;

-- Dumping data for table advlogin.users: 4 rows
DELETE FROM `users`;
/*!40000 ALTER TABLE `users` DISABLE KEYS */;
INSERT INTO `users` (`id`, `username`, `password`, `cookie_id`, `token`, `userlevel`, `email`, `fname`, `lname`, `country`, `avatar`, `ip`, `created`, `lastlogin`, `lastip`, `notes`, `newsletter`, `active`) VALUES
	(1, 'ehrlichmann', '4ba40fedbbd3a54f81c72e14cc52c289', '0', '0', 9, 'site@mail.com', 'Site', 'Admin', NULL, '', '', '2014-06-16 23:33:33', '2014-06-25 23:31:47', '127.0.0.1', '', 0, 'y'),
	(2, 'jonnhyboy', '3fc0a7acf087f549ac2b266baf94b8b1', '0', '0', 1, 'jonnhy.boy@gmail.com', 'Juanito', 'Carnaval', NULL, '', '', '2014-06-17 22:31:11', '2014-06-20 00:08:54', '::1', NULL, 0, 'y'),
	(23, 'megan', '773aa2aef7dc93ef748949588f904ca2', '0', '0', 1, 'megan@gmail.com', 'megan mauricia', 'foxibyte', NULL, '', '', '2014-06-20 00:20:41', '0000-00-00 00:00:00', NULL, '', 0, 'y'),
	(24, 'felipe', '14af8153a65ec5921d959284ef39dce3', '0', '0', 1, 'kaspalote@gmail.com', 'felipe', 'perez', NULL, '', '', '2014-06-25 01:36:15', '0000-00-00 00:00:00', NULL, '', 0, 'n');
/*!40000 ALTER TABLE `users` ENABLE KEYS */;


-- Dumping structure for table advlogin.user_token
CREATE TABLE IF NOT EXISTS `user_token` (
  `token_id` varchar(15) COLLATE utf8_spanish_ci NOT NULL,
  `user_id` int(11) NOT NULL,
  `date_creation` varchar(15) COLLATE utf8_spanish_ci NOT NULL,
  `date_expiration` varchar(15) COLLATE utf8_spanish_ci NOT NULL,
  `used` int(11) NOT NULL,
  PRIMARY KEY (`token_id`,`user_id`),
  UNIQUE KEY `token_id` (`token_id`)
) ENGINE=InnoDB DEFAULT CHARSET=utf8 COLLATE=utf8_spanish_ci;

-- Dumping data for table advlogin.user_token: ~1,600 rows (approximately)
DELETE FROM `user_token`;
/*!40000 ALTER TABLE `user_token` DISABLE KEYS */;
INSERT INTO `user_token` (`token_id`, `user_id`, `date_creation`, `date_expiration`, `used`) VALUES
	('2cE53ab9cd05faf', 2147483647, '1403755728', '1406347728', 0),
	('2cE53abad93bc92', 27786578, '1403760019', '1406352019', 0),
	('2Ct53aba1202696', 2147483647, '1403756832', '1406348832', 0),
	('2Ct53abb068cd0a', 77642559, '1403760744', '1406352744', 0),
	('2Da53abaaf304dc', 2147483647, '1403759347', '1406351347', 0),
	('2dP53ab9d650e82', 2147483647, '1403755877', '1406347877', 0),
	('2dP53abae3f2fe5', 86423334, '1403760191', '1406352191', 0),
	('2dR53abaaf4318d', 2147483647, '1403759348', '1406351348', 0),
	('2Eb53ab9f682af1', 2147483647, '1403756392', '1406348392', 0),
	('2Eb53abaed46fbf', 83748267, '1403760340', '1406352340', 0),
	('2Fy53ab9cd0ea9c', 2147483647, '1403755728', '1406347728', 0),
	('2Fy53abae3d8f55', 86423334, '1403760189', '1406352189', 0),
	('2gD53ab9cb752e2', 2147483647, '1403755703', '1406347703', 0),
	('2gD53abad05d5ee', 38632488, '1403759877', '1406351877', 0),
	('2Gn53abaaad9006', 2147483647, '1403759277', '1406351277', 0),
	('2Gw53ab9c8cb569', 2147483647, '1403755660', '1406347660', 0),
	('2Gw53abab1b603e', 2147483647, '1403759387', '1406351387', 0),
	('2hE53aba12053c2', 2147483647, '1403756832', '1406348832', 0),
	('2hE53abb068f360', 77642559, '1403760744', '1406352744', 0),
	('2Hk53aba1d1c590', 2147483647, '1403757009', '1406349009', 0),
	('2hM53abaaafd6dc', 2147483647, '1403759279', '1406351279', 0),
	('2Hq53aba1d3e0f0', 2147483647, '1403757011', '1406349011', 0),
	('2Hz53abab1a363c', 2147483647, '1403759386', '1406351386', 0),
	('2jH53aba12183de', 2147483647, '1403756833', '1406348833', 0),
	('2Kn53ab9f69dabf', 2147483647, '1403756393', '1406348393', 0),
	('2kN53abaaf32de0', 2147483647, '1403759347', '1406351347', 0),
	('2Kn53abb067984a', 77642559, '1403760743', '1406352743', 0),
	('2mZ53aba1d2a3e2', 2147483647, '1403757010', '1406349010', 0),
	('2nB53abb068381b', 77642559, '1403760744', '1406352744', 0),
	('2nX53ab9d65c988', 2147483647, '1403755877', '1406347877', 0),
	('2nX53abae4022ba', 86423334, '1403760192', '1406352192', 0),
	('2Ny53abaed32583', 83748267, '1403760339', '1406352339', 0),
	('2Pa53abad92377d', 27786578, '1403760018', '1406352018', 0),
	('2Pc53abaaade099', 2147483647, '1403759277', '1406351277', 0),
	('2Pd53ab9f6a4651', 2147483647, '1403756394', '1406348394', 0),
	('2Pd53abb067e189', 77642559, '1403760743', '1406352743', 0),
	('2pU53aba1203099', 2147483647, '1403756832', '1406348832', 0),
	('2pU53abaaaf40b4', 2147483647, '1403759279', '1406351279', 0),
	('2pU53abb068d519', 77642559, '1403760744', '1406352744', 0),
	('2Qw53aba121505a', 2147483647, '1403756833', '1406348833', 0),
	('2rD53ab9d654d03', 2147483647, '1403755877', '1406347877', 0),
	('2rD53abae3f43eb', 86423334, '1403760191', '1406352191', 0),
	('2Rv53ab9cd03572', 2147483647, '1403755728', '1406347728', 0),
	('2Rv53abad939448', 27786578, '1403760019', '1406352019', 0),
	('2Sy53ab9d641843', 2147483647, '1403755876', '1406347876', 0),
	('2Sy53abae3ed145', 86423334, '1403760190', '1406352190', 0),
	('2tJ53aba1216f9b', 2147483647, '1403756833', '1406348833', 0),
	('2Us53abaa267ffb', 2147483647, '1403759142', '1406351142', 0),
	('2vQ53abaaf31dc3', 2147483647, '1403759347', '1406351347', 0),
	('2wV53abaa259d82', 2147483647, '1403759141', '1406351141', 0),
	('2Xb53aba11fbe32', 2147483647, '1403756831', '1406348831', 0),
	('2Xb53abb0688c57', 77642559, '1403760744', '1406352744', 0),
	('2yQ53ab9cb8cd77', 2147483647, '1403755704', '1406347704', 0),
	('2yQ53abad916cf2', 27786578, '1403760017', '1406352017', 0),
	('2Yt53abaaae391f', 2147483647, '1403759278', '1406351278', 0),
	('2zJ53ab9f696ddb', 2147483647, '1403756393', '1406348393', 0),
	('2zJ53abaed56f46', 83748267, '1403760341', '1406352341', 0),
	('3Ab53abaaf325d2', 2147483647, '1403759347', '1406351347', 0),
	('3As53abab1a2c39', 2147483647, '1403759386', '1406351386', 0),
	('3cD53abaa266dab', 2147483647, '1403759142', '1406351142', 0),
	('3cK53abaa243f40', 2147483647, '1403759140', '1406351140', 0),
	('3Ct53abaaf5061b', 2147483647, '1403759349', '1406351349', 0),
	('3dJ53aba1d319f3', 2147483647, '1403757011', '1406349011', 0),
	('3eW53abaab077e5', 2147483647, '1403759280', '1406351280', 0),
	('3Ex53ab9cb8c335', 2147483647, '1403755704', '1406347704', 0),
	('3Ex53abaaf44ce6', 2147483647, '1403759348', '1406351348', 0),
	('3Fa53abaa250566', 2147483647, '1403759141', '1406351141', 0),
	('3Fk53ab9f67df9a', 2147483647, '1403756391', '1406348391', 0),
	('3Fk53abaed43d35', 83748267, '1403760340', '1406352340', 0),
	('3gJ53ab9c8ea1e8', 2147483647, '1403755662', '1406347662', 0),
	('3gJ53abad0537f6', 38632488, '1403759877', '1406351877', 0),
	('3gK53ab9cb94211', 2147483647, '1403755705', '1406347705', 0),
	('3gK53abad91e9b6', 27786578, '1403760017', '1406352017', 0),
	('3gN53ab9cd10889', 2147483647, '1403755729', '1406347729', 0),
	('3gN53abae3d9958', 86423334, '1403760189', '1406352189', 0),
	('3Gp53aba1d353d1', 2147483647, '1403757011', '1406349011', 0),
	('3gP53abab1a8d65', 2147483647, '1403759386', '1406351386', 0),
	('3Gv53ab9f68118d', 2147483647, '1403756392', '1406348392', 0),
	('3Gv53abaed45b7c', 83748267, '1403760340', '1406352340', 0),
	('3Hc53ab9cce55a5', 2147483647, '1403755726', '1406347726', 0),
	('3Hc53abad924624', 27786578, '1403760018', '1406352018', 0),
	('3hX53aba121b530', 2147483647, '1403756833', '1406348833', 0),
	('3Jd53aba120c9af', 2147483647, '1403756832', '1406348832', 0),
	('3Jd53abb069621d', 77642559, '1403760745', '1406352745', 0),
	('3Jf53aba1d23642', 2147483647, '1403757010', '1406349010', 0),
	('3Jm53ab9d67ab87', 2147483647, '1403755879', '1406347879', 0),
	('3Jm53abaed3cd3f', 83748267, '1403760339', '1406352339', 0),
	('3Jv53abaa24ed55', 2147483647, '1403759140', '1406351140', 0),
	('3Ka53ab9cb8e370', 2147483647, '1403755704', '1406347704', 0),
	('3Ka53abad919868', 27786578, '1403760017', '1406352017', 0),
	('3Km53ab9c8de4ca', 2147483647, '1403755661', '1406347661', 0),
	('3Km53abab1cac30', 2147483647, '1403759388', '1406351388', 0),
	('3mT53aba1d42f35', 2147483647, '1403757012', '1406349012', 0),
	('3pD53aba12035ba', 2147483647, '1403756832', '1406348832', 0),
	('3pD53abb068d940', 77642559, '1403760744', '1406352744', 0),
	('3pN53aba1213252', 2147483647, '1403756833', '1406348833', 0),
	('3pN53abb06984c9', 77642559, '1403760745', '1406352745', 0),
	('3pP53aba12169fd', 2147483647, '1403756833', '1406348833', 0),
	('3Qm53ab9ccec057', 2147483647, '1403755726', '1406347726', 0),
	('3Qm53abad92b441', 27786578, '1403760018', '1406352018', 0),
	('3Rf53abaaf4b69e', 2147483647, '1403759348', '1406351348', 0),
	('3Rv53aba1201485', 2147483647, '1403756832', '1406348832', 0),
	('3Rv53abb068c4fc', 77642559, '1403760744', '1406352744', 0),
	('3sH53abaab004e6', 2147483647, '1403759280', '1406351280', 0),
	('3Sm53ab9cd03090', 2147483647, '1403755728', '1406347728', 0),
	('3Sm53abad938fa5', 27786578, '1403760019', '1406352019', 0),
	('3Su53aba11f3633', 2147483647, '1403756831', '1406348831', 0),
	('3Su53abb068421e', 77642559, '1403760744', '1406352744', 0),
	('3Sw53ab9c8e0008', 2147483647, '1403755662', '1406347662', 0),
	('3sY53ab9f69e4c2', 2147483647, '1403756393', '1406348393', 0),
	('3sY53aba1d2636d', 2147483647, '1403757010', '1406349010', 0),
	('3sY53abb067a114', 77642559, '1403760743', '1406352743', 0),
	('3tA53ab9d634fea', 2147483647, '1403755875', '1406347875', 0),
	('3tA53abae3e6078', 86423334, '1403760190', '1406352190', 1),
	('3tQ53ab9cb72f3d', 2147483647, '1403755703', '1406347703', 0),
	('3tQ53abad05c70a', 38632488, '1403759877', '1406351877', 0),
	('3uM53aba1d225e6', 2147483647, '1403757010', '1406349010', 0),
	('3uQ53aba1206517', 2147483647, '1403756832', '1406348832', 0),
	('3uQ53abb0690d26', 77642559, '1403760745', '1406352745', 0),
	('3Uv53ab9cb94ec3', 2147483647, '1403755705', '1406347705', 0),
	('3Uv53abad92091a', 27786578, '1403760018', '1406352018', 0),
	('3Wa53abaa244e25', 2147483647, '1403759140', '1406351140', 0),
	('3yC53abab19d5e5', 2147483647, '1403759385', '1406351385', 0),
	('3Yy53aba1209669', 2147483647, '1403756832', '1406348832', 0),
	('3Yy53abb06942dd', 77642559, '1403760745', '1406352745', 0),
	('3zC53abaaad68f6', 2147483647, '1403759277', '1406351277', 0),
	('3Zd53ab9d64a080', 2147483647, '1403755876', '1406347876', 0),
	('3Zd53abae3f056a', 86423334, '1403760191', '1406352191', 0),
	('3Zj53abaaf2f3a0', 2147483647, '1403759346', '1406351346', 0),
	('3zP53abaaaee34c', 2147483647, '1403759278', '1406351278', 0),
	('4Aa53ab9d6597b9', 2147483647, '1403755877', '1406347877', 0),
	('4Aa53abae3fd281', 86423334, '1403760191', '1406352191', 0),
	('4Ah53aba1220819', 2147483647, '1403756834', '1406348834', 0),
	('4Aj53abaa256c30', 2147483647, '1403759141', '1406351141', 0),
	('4aR53abaaf5c642', 2147483647, '1403759349', '1406351349', 0),
	('4Bd53abaaf54f5a', 2147483647, '1403759349', '1406351349', 0),
	('4Cb53aba121261d', 2147483647, '1403756833', '1406348833', 0),
	('4Cb53abb0697e31', 77642559, '1403760745', '1406352745', 0),
	('4Dn53ab9cb7ecb3', 2147483647, '1403755703', '1406347703', 0),
	('4Dn53abad064df3', 38632488, '1403759878', '1406351878', 0),
	('4dS53aba1d24239', 2147483647, '1403757010', '1406349010', 0),
	('4eS53abab1a2236', 2147483647, '1403759386', '1406351386', 0),
	('4Fr53aba12174bb', 2147483647, '1403756833', '1406348833', 0),
	('4fS53abaaf5639e', 2147483647, '1403759349', '1406351349', 0),
	('4Ge53ab9f690849', 2147483647, '1403756393', '1406348393', 0),
	('4Ge53abaed524ce', 83748267, '1403760341', '1406352341', 0),
	('4gP53ab9f6a4d65', 2147483647, '1403756394', '1406348394', 0),
	('4gP53abb067e7a4', 77642559, '1403760743', '1406352743', 0),
	('4jC53abaaaf0a42', 2147483647, '1403759279', '1406351279', 0),
	('4jK53ab9ccfe113', 2147483647, '1403755727', '1406347727', 0),
	('4jK53abad935971', 27786578, '1403760019', '1406352019', 0),
	('4Jt53abaed4171f', 83748267, '1403760340', '1406352340', 0),
	('4kG53aba1d33fcb', 2147483647, '1403757011', '1406349011', 0),
	('4Mr53ab9f69a259', 2147483647, '1403756393', '1406348393', 0),
	('4Mr53abaed5a57a', 83748267, '1403760341', '1406352341', 0),
	('4Mw53aba11f75ae', 2147483647, '1403756831', '1406348831', 0),
	('4Mw53abb0686873', 77642559, '1403760744', '1406352744', 0),
	('4nD53abaaaecb20', 2147483647, '1403759278', '1406351278', 0),
	('4nE53abaa25196b', 2147483647, '1403759141', '1406351141', 0),
	('4Pg53ab9f6a372d', 2147483647, '1403756394', '1406348394', 0),
	('4Pg53abb067d16c', 77642559, '1403760743', '1406352743', 0),
	('4Pu53ab9cb85f59', 2147483647, '1403755704', '1406347704', 0),
	('4Pu53abad069e47', 38632488, '1403759878', '1406351878', 0),
	('4Qv53ab9f67ae48', 2147483647, '1403756391', '1406348391', 0),
	('4rF53aba121e9ae', 2147483647, '1403756833', '1406348833', 0),
	('4Rw53ab9cb6c234', 2147483647, '1403755702', '1406347702', 0),
	('4Rw53abad059961', 38632488, '1403759877', '1406351877', 0),
	('4Tf53ab9cb7bd56', 2147483647, '1403755703', '1406347703', 0),
	('4Tf53abad062378', 38632488, '1403759878', '1406351878', 0),
	('4tY53ab9f69ce8a', 2147483647, '1403756393', '1406348393', 0),
	('4uP53abaaf30bb2', 2147483647, '1403759347', '1406351347', 0),
	('4Uq53abaa2525a1', 2147483647, '1403759141', '1406351141', 0),
	('4Uz53aba11f4556', 2147483647, '1403756831', '1406348831', 0),
	('4Uz53abb0684e15', 77642559, '1403760744', '1406352744', 0),
	('4vF53aba1d324b1', 2147483647, '1403757011', '1406349011', 0),
	('4vN53abaa25c29e', 2147483647, '1403759141', '1406351141', 0),
	('4vZ53aba120ac62', 2147483647, '1403756832', '1406348832', 0),
	('4vZ53abab1a1601', 2147483647, '1403759386', '1406351386', 0),
	('4vZ53abb06953b6', 77642559, '1403760745', '1406352745', 0),
	('4wG53ab9c8cd044', 2147483647, '1403755660', '1406347660', 0),
	('4wG53abab1b7443', 2147483647, '1403759387', '1406351387', 0),
	('4wQ53abaa24be36', 2147483647, '1403759140', '1406351140', 0),
	('4Ww53abaaf4d7d2', 2147483647, '1403759348', '1406351348', 0),
	('4Wz53abaaf40b38', 2147483647, '1403759348', '1406351348', 0),
	('4xH53ab9d65b871', 2147483647, '1403755877', '1406347877', 0),
	('4xH53abae3fe31b', 86423334, '1403760191', '1406352191', 0),
	('4Xu53abab1a8130', 2147483647, '1403759386', '1406351386', 0),
	('4yJ53aba11f2ea1', 2147483647, '1403756831', '1406348831', 0),
	('4yY53ab9f6ab42f', 2147483647, '1403756394', '1406348394', 0),
	('4yY53abb068300d', 77642559, '1403760744', '1406352744', 0),
	('4zA53ab9c8dc5c8', 2147483647, '1403755661', '1406347661', 0),
	('4zA53abab1c8c34', 2147483647, '1403759388', '1406351388', 0),
	('4zK53abb0683df7', 77642559, '1403760744', '1406352744', 0),
	('4zQ53ab9f693092', 2147483647, '1403756393', '1406348393', 0),
	('4zQ53abaed54f0c', 83748267, '1403760341', '1406352341', 0),
	('4zY53abb0678f42', 77642559, '1403760743', '1406352743', 0),
	('5Au53abaa25966d', 2147483647, '1403759141', '1406351141', 0),
	('5Au53abaaaf52c5', 2147483647, '1403759279', '1406351279', 0),
	('5Bf53abaa24d42f', 2147483647, '1403759140', '1406351140', 0),
	('5Bn53ab9f68a3cc', 2147483647, '1403756392', '1406348392', 0),
	('5Bn53abaed4c6ab', 83748267, '1403760340', '1406352340', 0),
	('5Br53ab9f699d77', 2147483647, '1403756393', '1406348393', 0),
	('5Br53abaed5980c', 83748267, '1403760341', '1406352341', 0),
	('5Bw53ab9d633974', 2147483647, '1403755875', '1406347875', 0),
	('5Bw53abae3e4658', 86423334, '1403760190', '1406352190', 0),
	('5dA53ab9d656df9', 2147483647, '1403755877', '1406347877', 0),
	('5dA53abae3f4ded', 86423334, '1403760191', '1406352191', 0),
	('5Db53ab9f692690', 2147483647, '1403756393', '1406348393', 0),
	('5Db53abaed54509', 83748267, '1403760341', '1406352341', 0),
	('5Du53abab1a115e', 2147483647, '1403759386', '1406351386', 0),
	('5dX53abaaf53e82', 2147483647, '1403759349', '1406351349', 0),
	('5Em53ab9d672389', 2147483647, '1403755879', '1406347879', 0),
	('5Em53abaed37421', 83748267, '1403760339', '1406352339', 0),
	('5Es53aba121d04a', 2147483647, '1403756833', '1406348833', 0),
	('5Fe53ab9cb8af30', 2147483647, '1403755704', '1406347704', 0),
	('5Fe53abad071708', 38632488, '1403759879', '1406351879', 0),
	('5Fm53abaaf46d20', 2147483647, '1403759348', '1406351348', 0),
	('5fY53ab9ccff036', 2147483647, '1403755727', '1406347727', 0),
	('5fY53abad936f2c', 27786578, '1403760019', '1406352019', 0),
	('5gC53abaaaf16f4', 2147483647, '1403759279', '1406351279', 0),
	('5Ge53ab9c8caaab', 2147483647, '1403755660', '1406347660', 0),
	('5Ge53abab1b5409', 2147483647, '1403759387', '1406351387', 0),
	('5gN53aba1d2cd25', 2147483647, '1403757010', '1406349010', 0),
	('5Jb53ab9c8d9188', 2147483647, '1403755661', '1406347661', 0),
	('5Jb53abab1c56fa', 2147483647, '1403759388', '1406351388', 0),
	('5jK53aba1d22104', 2147483647, '1403757010', '1406349010', 0),
	('5jZ53ab9d670b5d', 2147483647, '1403755879', '1406347879', 0),
	('5jZ53abaed3628d', 83748267, '1403760339', '1406352339', 0),
	('5Mn53aba1d32993', 2147483647, '1403757011', '1406349011', 0),
	('5mT53abaab01503', 2147483647, '1403759280', '1406351280', 0),
	('5rB53abaaf4c1d9', 2147483647, '1403759348', '1406351348', 0),
	('5rF53abaaaf9899', 2147483647, '1403759279', '1406351279', 0),
	('5Rh53ab9d64b2d0', 2147483647, '1403755876', '1406347876', 0),
	('5Rh53abae3f119f', 86423334, '1403760191', '1406352191', 0),
	('5rQ53ab9d67a08a', 2147483647, '1403755879', '1406347879', 0),
	('5rQ53abaed3c669', 83748267, '1403760339', '1406352339', 0),
	('5rW53ab9cb90e4e', 2147483647, '1403755705', '1406347705', 0),
	('5rW53abad91bcc9', 27786578, '1403760017', '1406352017', 0),
	('5sG53aba1217ebe', 2147483647, '1403756833', '1406348833', 0),
	('5Sw53ab9ccfc24f', 2147483647, '1403755727', '1406347727', 0),
	('5Sw53abad934f30', 27786578, '1403760019', '1406352019', 0),
	('5Uh53abaaafbb83', 2147483647, '1403759279', '1406351279', 0),
	('5uR53ab9c8e0bff', 2147483647, '1403755662', '1406347662', 0),
	('5uR53ab9f6839d6', 2147483647, '1403756392', '1406348392', 0),
	('5uR53abaed47e27', 83748267, '1403760340', '1406352340', 0),
	('5vH53aba1d31494', 2147483647, '1403757011', '1406349011', 0),
	('5wZ53ab9cb9307c', 2147483647, '1403755705', '1406347705', 0),
	('5wZ53abad91db0f', 27786578, '1403760017', '1406352017', 0),
	('5yP53ab9f6a84d2', 2147483647, '1403756394', '1406348394', 0),
	('5yP53abb0680da0', 77642559, '1403760744', '1406352744', 0),
	('5Yr53abaa250046', 2147483647, '1403759141', '1406351141', 0),
	('5Yu53abaaae4a36', 2147483647, '1403759278', '1406351278', 0),
	('5zA53abaaf59df8', 2147483647, '1403759349', '1406351349', 0),
	('5Zb53aba1d2c035', 2147483647, '1403757010', '1406349010', 0),
	('5Zf53ab9d637545', 2147483647, '1403755875', '1406347875', 0),
	('5Zf53abae3e7ebe', 86423334, '1403760190', '1406352190', 1),
	('5Zq53abaaae2807', 2147483647, '1403759278', '1406351278', 0),
	('5Zv53aba12194f6', 2147483647, '1403756833', '1406348833', 0),
	('5Zx53abab1a9d06', 2147483647, '1403759386', '1406351386', 0),
	('6Ah53abaa246c6b', 2147483647, '1403759140', '1406351140', 0),
	('6aP53ab9d65d09d', 2147483647, '1403755877', '1406347877', 0),
	('6aP53abae4034cb', 86423334, '1403760192', '1406352192', 0),
	('6Au53abaa268de5', 2147483647, '1403759142', '1406351142', 0),
	('6bU53abaab063a1', 2147483647, '1403759280', '1406351280', 0),
	('6cN53ab9cd064d0', 2147483647, '1403755728', '1406347728', 0),
	('6cN53abad93c22f', 27786578, '1403760019', '1406352019', 0),
	('6dB53aba1204ee0', 2147483647, '1403756832', '1406348832', 0),
	('6dB53abb068ef39', 77642559, '1403760744', '1406352744', 0),
	('6Ds53ab9ccfdc6f', 2147483647, '1403755727', '1406347727', 0),
	('6Ds53abad9353d3', 27786578, '1403760019', '1406352019', 0),
	('6eP53abaaf3412a', 2147483647, '1403759347', '1406351347', 0),
	('6Gr53ab9cb89aec', 2147483647, '1403755704', '1406347704', 0),
	('6Gr53abad06d575', 38632488, '1403759878', '1406351878', 0),
	('6Hb53abaa25ddf7', 2147483647, '1403759141', '1406351141', 0),
	('6Ke53ab9d66a1bf', 2147483647, '1403755878', '1406347878', 0),
	('6kR53ab9ccee574', 2147483647, '1403755726', '1406347726', 0),
	('6kR53abad92d287', 27786578, '1403760018', '1406352018', 0),
	('6Ku53ab9f67d559', 2147483647, '1403756391', '1406348391', 0),
	('6Ku53abaed43333', 83748267, '1403760340', '1406352340', 0),
	('6Ma53abaa2487c4', 2147483647, '1403759140', '1406351140', 0),
	('6Mc53ab9cb78d3d', 2147483647, '1403755703', '1406347703', 0),
	('6Mc53abad06010b', 38632488, '1403759878', '1406351878', 0),
	('6Mu53ab9f680cab', 2147483647, '1403756392', '1406348392', 0),
	('6Mu53abaed455de', 83748267, '1403760340', '1406352340', 0),
	('6nC53aba121b010', 2147483647, '1403756833', '1406348833', 0),
	('6nY53abaaaf0f62', 2147483647, '1403759279', '1406351279', 0),
	('6nZ53ab9f68723c', 2147483647, '1403756392', '1406348392', 0),
	('6nZ53abaed4b034', 83748267, '1403760340', '1406352340', 0),
	('6pK53ab9f68ec50', 2147483647, '1403756392', '1406348392', 0),
	('6pK53abaed51a8d', 83748267, '1403760341', '1406352341', 0),
	('6Pr53abaaaede2b', 2147483647, '1403759278', '1406351278', 0),
	('6qX53abaa251489', 2147483647, '1403759141', '1406351141', 0),
	('6rB53ab9d630728', 2147483647, '1403755875', '1406347875', 0),
	('6rB53abae3e261e', 86423334, '1403760190', '1406352190', 0),
	('6Ru53ab9f6946ca', 2147483647, '1403756393', '1406348393', 0),
	('6Ru53abaed55b02', 83748267, '1403760341', '1406352341', 0),
	('6rV53aba1203ada', 2147483647, '1403756832', '1406348832', 0),
	('6rV53abb068df1c', 77642559, '1403760744', '1406352744', 0),
	('6Sc53ab9c8e10a2', 2147483647, '1403755662', '1406347662', 0),
	('6sZ53aba1d289c2', 2147483647, '1403757010', '1406349010', 0),
	('6Ty53ab9c8c474c', 2147483647, '1403755660', '1406347660', 0),
	('6Ty53abab1b17ba', 2147483647, '1403759387', '1406351387', 0),
	('6Ua53aba11fc314', 2147483647, '1403756831', '1406348831', 0),
	('6Ua53abb06890bc', 77642559, '1403760744', '1406352744', 0),
	('6Up53ab9f69b17c', 2147483647, '1403756393', '1406348393', 0),
	('6Up53abaed5b847', 83748267, '1403760341', '1406352341', 0),
	('6uZ53ab9d67d5c4', 2147483647, '1403755879', '1406347879', 0),
	('6uZ53abaed3dcdf', 83748267, '1403760339', '1406352339', 0),
	('6vP53ab9d663b72', 2147483647, '1403755878', '1406347878', 0),
	('6vP53abae405505', 86423334, '1403760192', '1406352192', 0),
	('6Wj53abaaaea5c5', 2147483647, '1403759278', '1406351278', 0),
	('6Wt53ab9ccea82c', 2147483647, '1403755726', '1406347726', 0),
	('6Wt53abad928cb3', 27786578, '1403760018', '1406352018', 0),
	('6Xr53abaaadce87', 2147483647, '1403759277', '1406351277', 0),
	('6zD53abaaf385c5', 2147483647, '1403759347', '1406351347', 0),
	('6zM53ab9f69b891', 2147483647, '1403756393', '1406348393', 0),
	('6zM53abaed5bde4', 83748267, '1403760341', '1406352341', 0),
	('7Ah53ab9f67c05a', 2147483647, '1403756391', '1406348391', 0),
	('7Ah53abaed42930', 83748267, '1403760340', '1406352340', 0),
	('7An53abaaf51adc', 2147483647, '1403759349', '1406351349', 0),
	('7Bf53ab9ccec53a', 2147483647, '1403755726', '1406347726', 0),
	('7Bf53abad92b8e4', 27786578, '1403760018', '1406352018', 0),
	('7bN53ab9c8ddf6b', 2147483647, '1403755661', '1406347661', 0),
	('7bN53abab1ca78d', 2147483647, '1403759388', '1406351388', 0),
	('7Br53abaaf3acd6', 2147483647, '1403759347', '1406351347', 0),
	('7bS53abaaf3bee7', 2147483647, '1403759347', '1406351347', 0),
	('7cS53ab9c8cc027', 2147483647, '1403755660', '1406347660', 0),
	('7Cs53ab9c8e407d', 2147483647, '1403755662', '1406347662', 0),
	('7cS53abab1b6a41', 2147483647, '1403759387', '1406351387', 0),
	('7Cs53abad04c60c', 38632488, '1403759876', '1406351876', 0),
	('7dP53ab9c8d21f4', 2147483647, '1403755661', '1406347661', 0),
	('7dP53abab1b947e', 2147483647, '1403759387', '1406351387', 0),
	('7eD53aba1d26d70', 2147483647, '1403757010', '1406349010', 0),
	('7eV53aba1d3bb95', 2147483647, '1403757011', '1406349011', 0),
	('7Ff53ab9d63c887', 2147483647, '1403755875', '1406347875', 0),
	('7Ff53abae3ec06c', 86423334, '1403760190', '1406352190', 0),
	('7fK53abaa246789', 2147483647, '1403759140', '1406351140', 0),
	('7fV53aba1d2d246', 2147483647, '1403757010', '1406349010', 0),
	('7Gk53ab9cd0850a', 2147483647, '1403755728', '1406347728', 0),
	('7Gk53abae3d40b7', 86423334, '1403760189', '1406352189', 0),
	('7gR53ab9c8dbe75', 2147483647, '1403755661', '1406347661', 0),
	('7gR53abab1c8752', 2147483647, '1403759388', '1406351388', 0),
	('7gT53ab9cb913ad', 2147483647, '1403755705', '1406347705', 0),
	('7Gt53ab9f6a5b50', 2147483647, '1403756394', '1406348394', 0),
	('7gT53abad91c16c', 27786578, '1403760017', '1406352017', 0),
	('7Gt53abb06802a3', 77642559, '1403760744', '1406352744', 0),
	('7Ha53ab9f6957e1', 2147483647, '1403756393', '1406348393', 0),
	('7hA53aba1d34eee', 2147483647, '1403757011', '1406349011', 0),
	('7Ha53abaed56543', 83748267, '1403760341', '1406352341', 0),
	('7Jw53abaaaf4de3', 2147483647, '1403759279', '1406351279', 0),
	('7kE53abaaad87f8', 2147483647, '1403759277', '1406351277', 0),
	('7kJ53abaa25a264', 2147483647, '1403759141', '1406351141', 0),
	('7Mx53abaaf3b4e5', 2147483647, '1403759347', '1406351347', 0),
	('7Nb53ab9cb7b835', 2147483647, '1403755703', '1406347703', 0),
	('7Nb53abad061e19', 38632488, '1403759878', '1406351878', 0),
	('7nH53aba1d3cfd8', 2147483647, '1403757011', '1406349011', 0),
	('7Nn53ab9ccf9274', 2147483647, '1403755727', '1406347727', 0),
	('7Nn53abad932188', 27786578, '1403760019', '1406352019', 0),
	('7Pr53ab9d672c91', 2147483647, '1403755879', '1406347879', 0),
	('7Pr53abaed37886', 83748267, '1403760339', '1406352339', 0),
	('7Pw53ab9cb7f212', 2147483647, '1403755703', '1406347703', 0),
	('7Pw53abad065297', 38632488, '1403759878', '1406351878', 0),
	('7qN53ab9c8c3d49', 2147483647, '1403755660', '1406347660', 0),
	('7qN53abab1b12d8', 2147483647, '1403759387', '1406351387', 0),
	('7Rt53ab9d6620d6', 2147483647, '1403755878', '1406347878', 0),
	('7Rt53abae404b03', 86423334, '1403760192', '1406352192', 0),
	('7Ss53aba1d30571', 2147483647, '1403757011', '1406349011', 0),
	('7Tn53ab9c8d81e8', 2147483647, '1403755661', '1406347661', 0),
	('7tN53abaaf37e72', 2147483647, '1403759347', '1406351347', 0),
	('7Tn53abab1bee57', 2147483647, '1403759387', '1406351387', 0),
	('7Ua53abaaafed13', 2147483647, '1403759279', '1406351279', 0),
	('7uM53ab9f68bee6', 2147483647, '1403756392', '1406348392', 0),
	('7uM53abaed4daee', 83748267, '1403760340', '1406352340', 0),
	('7uU53ab9cb8b3d4', 2147483647, '1403755704', '1406347704', 0),
	('7vE53ab9c8e4520', 2147483647, '1403755662', '1406347662', 0),
	('7vE53abad04cb6b', 38632488, '1403759876', '1406351876', 0),
	('7Wp53abaa258c6b', 2147483647, '1403759141', '1406351141', 0),
	('7Wu53ab9cb6d82e', 2147483647, '1403755702', '1406347702', 0),
	('7Wu53ab9d637bdd', 2147483647, '1403755875', '1406347875', 0),
	('7Wu53abad05ada5', 38632488, '1403759877', '1406351877', 0),
	('7Wu53abae3e845c', 86423334, '1403760190', '1406352190', 0),
	('7xD53ab9c8e3b1e', 2147483647, '1403755662', '1406347662', 0),
	('7xD53abad04c168', 38632488, '1403759876', '1406351876', 0),
	('7Xu53abaa25cca1', 2147483647, '1403759141', '1406351141', 0),
	('7yC53ab9cb88997', 2147483647, '1403755704', '1406347704', 0),
	('7yC53abad06c6cf', 38632488, '1403759878', '1406351878', 0),
	('7yM53ab9c8c53fe', 2147483647, '1403755660', '1406347660', 0),
	('7yM53abab1b1f0d', 2147483647, '1403759387', '1406351387', 0),
	('7Yt53aba1d30f74', 2147483647, '1403757011', '1406349011', 0),
	('7yY53abaaf5dc79', 2147483647, '1403759349', '1406351349', 0),
	('8An53ab9d671986', 2147483647, '1403755879', '1406347879', 0),
	('8An53abaed36e83', 83748267, '1403760339', '1406352339', 0),
	('8Bq53ab9d63eab5', 2147483647, '1403755875', '1406347875', 0),
	('8Bq53abae3ecce0', 86423334, '1403760190', '1406352190', 0),
	('8cK53ab9cb82e46', 2147483647, '1403755704', '1406347704', 0),
	('8cK53abad06709f', 38632488, '1403759878', '1406351878', 0),
	('8cM53ab9cb966ef', 2147483647, '1403755705', '1406347705', 0),
	('8cM53abad9217c0', 27786578, '1403760018', '1406352018', 0),
	('8cT53ab9c8c1195', 2147483647, '1403755660', '1406347660', 0),
	('8cT53abab1b0377', 2147483647, '1403759387', '1406351387', 0),
	('8cT53abaed304cb', 83748267, '1403760339', '1406352339', 0),
	('8Dj53abab1aa708', 2147483647, '1403759386', '1406351386', 0),
	('8dS53ab9cd0bb7d', 2147483647, '1403755728', '1406347728', 0),
	('8dS53abae3d76ac', 86423334, '1403760189', '1406352189', 0),
	('8eY53ab9f6a1c14', 2147483647, '1403756394', '1406348394', 0),
	('8eY53abb067bb34', 77642559, '1403760743', '1406352743', 0),
	('8Fa53abaaaf6a35', 2147483647, '1403759279', '1406351279', 0),
	('8fV53aba1d1b052', 2147483647, '1403757009', '1406349009', 0),
	('8gH53ab9c8c21b2', 2147483647, '1403755660', '1406347660', 0),
	('8gH53abab1b08d6', 2147483647, '1403759387', '1406351387', 0),
	('8gN53aba1d4408a', 2147483647, '1403757012', '1406349012', 0),
	('8gV53abaaaf003f', 2147483647, '1403759279', '1406351279', 0),
	('8Ha53aba1218af3', 2147483647, '1403756833', '1406348833', 0),
	('8hA53abaa2498db', 2147483647, '1403759140', '1406351140', 0),
	('8Hy53abaaadd3a8', 2147483647, '1403759277', '1406351277', 0),
	('8Jg53abaa247dc1', 2147483647, '1403759140', '1406351140', 0),
	('8jJ53ab9c8e6cae', 2147483647, '1403755662', '1406347662', 0),
	('8jJ53abad04f182', 38632488, '1403759876', '1406351876', 0),
	('8jV53abad05705d', 38632488, '1403759877', '1406351877', 0),
	('8Kg53ab9f69c293', 2147483647, '1403756393', '1406348393', 0),
	('8mS53ab9c8d96e8', 2147483647, '1403755661', '1406347661', 0),
	('8mS53abab1c6330', 2147483647, '1403759388', '1406351388', 0),
	('8Mu53aba1d230a4', 2147483647, '1403757010', '1406349010', 0),
	('8mY53abab1a9862', 2147483647, '1403759386', '1406351386', 0),
	('8Np53ab9cb91db0', 2147483647, '1403755705', '1406347705', 0),
	('8Np53abad91cbae', 27786578, '1403760017', '1406352017', 0),
	('8nX53ab9d6691e1', 2147483647, '1403755878', '1406347878', 0),
	('8nX53abae407d4f', 86423334, '1403760192', '1406352192', 0),
	('8pJ53aba1d45684', 2147483647, '1403757012', '1406349012', 0),
	('8pM53aba1d46086', 2147483647, '1403757012', '1406349012', 0),
	('8Pt53aba120b183', 2147483647, '1403756832', '1406348832', 0),
	('8Pt53abb06957dc', 77642559, '1403760745', '1406352745', 0),
	('8Qd53abaaafb181', 2147483647, '1403759279', '1406351279', 0),
	('8Qd53abab1ad8d7', 2147483647, '1403759386', '1406351386', 0),
	('8Qk53abad05807a', 38632488, '1403759877', '1406351877', 0),
	('8qM53aba12103ef', 2147483647, '1403756833', '1406348833', 0),
	('8qM53abb069723b', 77642559, '1403760745', '1406352745', 0),
	('8Rs53abaa26413b', 2147483647, '1403759142', '1406351142', 0),
	('8Rx53ab9cb6a4a9', 2147483647, '1403755702', '1406347702', 0),
	('8sU53aba1d2c788', 2147483647, '1403757010', '1406349010', 0),
	('8tD53abaaad7a4c', 2147483647, '1403759277', '1406351277', 0),
	('8uA53aba1d40862', 2147483647, '1403757012', '1406349012', 0),
	('8Ub53ab9d6447df', 2147483647, '1403755876', '1406347876', 0),
	('8Ub53abae3edb86', 86423334, '1403760190', '1406352190', 0),
	('8vF53ab9c8e674f', 2147483647, '1403755662', '1406347662', 0),
	('8vF53abad04e9b1', 38632488, '1403759876', '1406351876', 0),
	('8Vu53ab9c8ecce0', 2147483647, '1403755662', '1406347662', 0),
	('8vU53ab9cd04977', 2147483647, '1403755728', '1406347728', 0),
	('8Vu53abad05665a', 38632488, '1403759877', '1406351877', 0),
	('8vU53abad93a88c', 27786578, '1403760019', '1406352019', 0),
	('8wA53ab9d6385a1', 2147483647, '1403755875', '1406347875', 0),
	('8wA53abae3e88c1', 86423334, '1403760190', '1406352190', 0),
	('8Wd53abaaf41579', 2147483647, '1403759348', '1406351348', 0),
	('8wW53ab9cd08f4b', 2147483647, '1403755728', '1406347728', 0),
	('8wW53abae3d4e25', 86423334, '1403760189', '1406352189', 0),
	('8xC53abaa258556', 2147483647, '1403759141', '1406351141', 0),
	('8Xt53ab9d6737cc', 2147483647, '1403755879', '1406347879', 0),
	('8Xt53abaed37e24', 83748267, '1403760339', '1406352339', 0),
	('8Yb53ab9d66dd91', 2147483647, '1403755878', '1406347878', 0),
	('8Yb53abaed33fa3', 83748267, '1403760339', '1406352339', 0),
	('8Yw53ab9f686d5a', 2147483647, '1403756392', '1406348392', 0),
	('8Yw53abaa255e07', 2147483647, '1403759141', '1406351141', 0),
	('8Yw53abaed4aa97', 83748267, '1403760340', '1406352340', 0),
	('8zC53abaaaeba09', 2147483647, '1403759278', '1406351278', 0),
	('8Zx53ab9ccf45ca', 2147483647, '1403755727', '1406347727', 0),
	('8Zx53abad92ed63', 27786578, '1403760018', '1406352018', 0),
	('8Zy53abaab02947', 2147483647, '1403759280', '1406351280', 0),
	('9Ar53ab9f698607', 2147483647, '1403756393', '1406348393', 0),
	('9Ar53abaed58bd7', 83748267, '1403760341', '1406352341', 0),
	('9Au53ab9c8e5117', 2147483647, '1403755662', '1406347662', 0),
	('9Au53abad04d5ac', 38632488, '1403759876', '1406351876', 0),
	('9bC53ab9cb81a02', 2147483647, '1403755704', '1406347704', 0),
	('9bC53abad0661f9', 38632488, '1403759878', '1406351878', 0),
	('9bE53ab9d662eff', 2147483647, '1403755878', '1406347878', 0),
	('9bE53abae404fa6', 86423334, '1403760192', '1406352192', 0),
	('9Bs53abaaaf64d6', 2147483647, '1403759279', '1406351279', 0),
	('9Cj53ab9f684d20', 2147483647, '1403756392', '1406348392', 0),
	('9Cj53abaed48dc7', 83748267, '1403760340', '1406352340', 0),
	('9dB53ab9cb8695c', 2147483647, '1403755704', '1406347704', 0),
	('9dB53abad06a888', 38632488, '1403759878', '1406351878', 0),
	('9dE53abaaf49990', 2147483647, '1403759348', '1406351348', 0),
	('9dF53abaa258035', 2147483647, '1403759141', '1406351141', 0),
	('9dK53aba1d35ae5', 2147483647, '1403757011', '1406349011', 0),
	('9dR53ab9cd06f11', 2147483647, '1403755728', '1406347728', 0),
	('9dX53ab9cb89399', 2147483647, '1403755704', '1406347704', 0),
	('9dX53abad06d0d1', 38632488, '1403759878', '1406351878', 0),
	('9Fa53abaaadc485', 2147483647, '1403759277', '1406351277', 0),
	('9Ft53aba1d24c7a', 2147483647, '1403757010', '1406349010', 0),
	('9Gb53ab9d65dbd8', 2147483647, '1403755877', '1406347877', 0),
	('9Gb53abae403b63', 86423334, '1403760192', '1406352192', 0),
	('9gU53abaaf4ee0a', 2147483647, '1403759348', '1406351348', 0),
	('9Gx53ab9c8e2042', 2147483647, '1403755662', '1406347662', 0),
	('9Gz53ab9cce84c5', 2147483647, '1403755726', '1406347726', 0),
	('9Gz53abad926e6d', 27786578, '1403760018', '1406352018', 0),
	('9Hv53aba1d30a91', 2147483647, '1403757011', '1406349011', 0),
	('9Ka53ab9cce4b26', 2147483647, '1403755726', '1406347726', 0),
	('9Kc53abad924180', 27786578, '1403760018', '1406352018', 0),
	('9Kd53aba1203fbc', 2147483647, '1403756832', '1406348832', 0),
	('9Kd53abb068e381', 77642559, '1403760744', '1406352744', 0),
	('9Kq53aba11facdc', 2147483647, '1403756831', '1406348831', 0),
	('9Kq53abb0687eab', 77642559, '1403760744', '1406352744', 0),
	('9Mg53abaaf4c8af', 2147483647, '1403759348', '1406351348', 0),
	('9mS53ab9d6714a4', 2147483647, '1403755879', '1406347879', 0),
	('9mS53abaed367ec', 83748267, '1403760339', '1406352339', 0),
	('9pV53ab9cb909aa', 2147483647, '1403755705', '1406347705', 0),
	('9pV53abad91b76a', 27786578, '1403760017', '1406352017', 0),
	('9rE53abaaae5959', 2147483647, '1403759278', '1406351278', 0),
	('9Rp53ab9d6751ec', 2147483647, '1403755879', '1406347879', 0),
	('9Rp53abaed394d8', 83748267, '1403760339', '1406352339', 0),
	('9Sh53ab9cceb22e', 2147483647, '1403755726', '1406347726', 0),
	('9Sh53abad92aa3e', 27786578, '1403760018', '1406352018', 0),
	('9Sn53abaab01f44', 2147483647, '1403759280', '1406351280', 0),
	('9Tg53ab9c8d75f2', 2147483647, '1403755661', '1406347661', 0),
	('9Tg53abab1bd10b', 2147483647, '1403759387', '1406351387', 0),
	('9tN53ab9d657e16', 2147483647, '1403755877', '1406347877', 0),
	('9tN53abae3f582e', 86423334, '1403760191', '1406352191', 0),
	('9tU53aba1d22b07', 2147483647, '1403757010', '1406349010', 0),
	('9Ux53ab9f67dab8', 2147483647, '1403756391', '1406348391', 0),
	('9Ux53abaaae4515', 2147483647, '1403759278', '1406351278', 0),
	('9Ux53abaed437d6', 83748267, '1403760340', '1406352340', 0),
	('9Uy53abaa2423e8', 2147483647, '1403759140', '1406351140', 0),
	('9Xb53aba121c453', 2147483647, '1403756833', '1406348833', 0),
	('9xG53aba11fcd55', 2147483647, '1403756831', '1406348831', 0),
	('9xG53abb06898cb', 77642559, '1403760744', '1406352744', 0),
	('9Xp53ab9c8ebd40', 2147483647, '1403755662', '1406347662', 0),
	('9Xp53abad0550de', 38632488, '1403759877', '1406351877', 0),
	('9Xq53abaaaf055f', 2147483647, '1403759279', '1406351279', 0),
	('9xW53ab9ccfadcd', 2147483647, '1403755727', '1406347727', 0),
	('9xW53abad933b2b', 27786578, '1403760019', '1406352019', 0),
	('9xZ53aba1d36006', 2147483647, '1403757011', '1406349011', 0),
	('9Yt53ab9cd119df', 2147483647, '1403755729', '1406347729', 0),
	('9Yt53ab9f67b657', 2147483647, '1403756391', '1406348391', 0),
	('9Yt53abae3daaec', 86423334, '1403760189', '1406352189', 0),
	('9Yt53abaed41b84', 83748267, '1403760340', '1406352340', 0),
	('A2a53ab9f6aaf0f', 2147483647, '1403756394', '1406348394', 0),
	('A2a53abb0682be6', 77642559, '1403760744', '1406352744', 0),
	('a3E53aba1d37738', 2147483647, '1403757011', '1406349011', 0),
	('A3f53aba11f708d', 2147483647, '1403756831', '1406348831', 0),
	('A3f53abb068640e', 77642559, '1403760744', '1406352744', 0),
	('A4p53aba1d299df', 2147483647, '1403757010', '1406349010', 0),
	('A4w53aba1d44a8d', 2147483647, '1403757012', '1406349012', 0),
	('a5Z53abaaf54558', 2147483647, '1403759349', '1406351349', 0),
	('a6B53ab9cb6d2ce', 2147483647, '1403755702', '1406347702', 0),
	('a6B53abad05a8c3', 38632488, '1403759877', '1406351877', 0),
	('A6d53abaaf45727', 2147483647, '1403759348', '1406351348', 0),
	('a6G53abaed2e7d8', 83748267, '1403760338', '1406352338', 0),
	('A6n53aba121d56b', 2147483647, '1403756833', '1406348833', 0),
	('a6X53ab9d65c07f', 2147483647, '1403755877', '1406347877', 0),
	('a6X53abae400d7c', 86423334, '1403760192', '1406352192', 0),
	('A7g53ab9cd04ed6', 2147483647, '1403755728', '1406347728', 0),
	('A7g53abad93adeb', 27786578, '1403760019', '1406352019', 0),
	('a7U53abaaf54a78', 2147483647, '1403759349', '1406351349', 0),
	('A7z53aba11fd331', 2147483647, '1403756831', '1406348831', 0),
	('A7z53abb0689c74', 77642559, '1403760744', '1406352744', 0),
	('A8g53aba1209b8a', 2147483647, '1403756832', '1406348832', 0),
	('A8g53abb06947bf', 77642559, '1403760745', '1406352745', 0),
	('A8q53ab9d652c0d', 2147483647, '1403755877', '1406347877', 0),
	('A8q53abae3f39e8', 86423334, '1403760191', '1406352191', 0),
	('A8z53ab9cb80292', 2147483647, '1403755704', '1406347704', 0),
	('A8z53abad0657f6', 38632488, '1403759878', '1406351878', 0),
	('a9R53abaaf5a7fb', 2147483647, '1403759349', '1406351349', 0),
	('Ab353aba1d41709', 2147483647, '1403757012', '1406349012', 0),
	('aB653ab9c8cdc79', 2147483647, '1403755660', '1406347660', 0),
	('aB653abab1b8078', 2147483647, '1403759387', '1406351387', 0),
	('Ac853abaaf2e18f', 2147483647, '1403759346', '1406351346', 0),
	('Ae453ab9f6aa318', 2147483647, '1403756394', '1406348394', 0),
	('Ae453abb068231c', 77642559, '1403760744', '1406352744', 0),
	('aH653abab1ac29f', 2147483647, '1403759386', '1406351386', 0),
	('Am353abaaf451c8', 2147483647, '1403759348', '1406351348', 0),
	('aN453ab9ccfb2af', 2147483647, '1403755727', '1406347727', 0),
	('aN453abad933fce', 27786578, '1403760019', '1406352019', 0),
	('Ap853abaa26c35e', 2147483647, '1403759142', '1406351142', 0),
	('aR753ab9cd0aa27', 2147483647, '1403755728', '1406347728', 0),
	('aR753abae3d670c', 86423334, '1403760189', '1406352189', 0),
	('aT253abaaafdbbe', 2147483647, '1403759279', '1406351279', 0),
	('At553aba1219ef8', 2147483647, '1403756833', '1406348833', 0),
	('aW353ab9d669ae9', 2147483647, '1403755878', '1406347878', 0),
	('Ay453ab9f6972fb', 2147483647, '1403756393', '1406348393', 0),
	('Ay453abaed575de', 83748267, '1403760341', '1406352341', 0),
	('aY753abaaaf2694', 2147483647, '1403759279', '1406351279', 0),
	('Ay953ab9c8eabea', 2147483647, '1403755662', '1406347662', 0),
	('Ay953abad054238', 38632488, '1403759877', '1406351877', 0),
	('b2R53abaa2534c4', 2147483647, '1403759141', '1406351141', 0),
	('b3S53abaa257633', 2147483647, '1403759141', '1406351141', 0),
	('b3U53abaaae343d', 2147483647, '1403759278', '1406351278', 0),
	('B4e53ab9cb6b294', 2147483647, '1403755702', '1406347702', 0),
	('B4e53abad058abb', 38632488, '1403759877', '1406351877', 0),
	('B4w53ab9ccf7c3d', 2147483647, '1403755727', '1406347727', 0),
	('B4w53abad930d44', 27786578, '1403760019', '1406352019', 0),
	('B5e53ab9f68b0bd', 2147483647, '1403756392', '1406348392', 0),
	('B5e53abaed4d0ec', 83748267, '1403760340', '1406352340', 0),
	('B5g53abaaaed949', 2147483647, '1403759278', '1406351278', 0),
	('B5n53aba1d2b111', 2147483647, '1403757010', '1406349010', 0),
	('b7M53ab9cd055ad', 2147483647, '1403755728', '1406347728', 0),
	('b7M53abad93b28f', 27786578, '1403760019', '1406352019', 0),
	('B7x53aba1208746', 2147483647, '1403756832', '1406348832', 0),
	('B7x53abb069356f', 77642559, '1403760745', '1406352745', 0),
	('B8n53ab9c8ec222', 2147483647, '1403755662', '1406347662', 0),
	('B8n53abad055c57', 38632488, '1403759877', '1406351877', 0),
	('B8z53abaaf48b67', 2147483647, '1403759348', '1406351348', 0),
	('b9D53abaed3194e', 83748267, '1403760339', '1406352339', 0),
	('B9k53ab9cb83849', 2147483647, '1403755704', '1406347704', 0),
	('B9k53abad067ae0', 38632488, '1403759878', '1406351878', 0),
	('b9T53ab9cd0c57f', 2147483647, '1403755728', '1406347728', 0),
	('b9T53abae3d80af', 86423334, '1403760189', '1406352189', 0),
	('bB253ab9c8dea29', 2147483647, '1403755661', '1406347661', 0),
	('bB253abab1cb18f', 2147483647, '1403759388', '1406351388', 0),
	('bB553ab9cb87ab2', 2147483647, '1403755704', '1406347704', 0),
	('bB553abad06b72e', 38632488, '1403759878', '1406351878', 0),
	('Bc953abaaf49431', 2147483647, '1403759348', '1406351348', 0),
	('Bj453aba11f4036', 2147483647, '1403756831', '1406348831', 0),
	('Bj453abb0684a2d', 77642559, '1403760744', '1406352744', 0),
	('bP353ab9c8eb33e', 2147483647, '1403755662', '1406347662', 0),
	('bP353abad0546db', 38632488, '1403759877', '1406351877', 0),
	('bP653abaa25bdbc', 2147483647, '1403759141', '1406351141', 0),
	('bV953abaa25eae8', 2147483647, '1403759141', '1406351141', 0),
	('bW353aba1207b4f', 2147483647, '1403756832', '1406348832', 0),
	('bW353abb0692d61', 77642559, '1403760745', '1406352745', 0),
	('Bx653ab9d6499aa', 2147483647, '1403755876', '1406347876', 0),
	('Bx653abae3f0105', 86423334, '1403760191', '1406352191', 0),
	('Bx753abaaf5ad5a', 2147483647, '1403759349', '1406351349', 0),
	('C2g53ab9c8dca6c', 2147483647, '1403755661', '1406347661', 0),
	('C2g53abab1c9155', 2147483647, '1403759388', '1406351388', 0),
	('C2r53abaaf3537a', 2147483647, '1403759347', '1406351347', 0),
	('C3h53aba11fee4b', 2147483647, '1403756831', '1406348831', 0),
	('C3h53abb068babb', 77642559, '1403760744', '1406352744', 0),
	('C4a53ab9c8bde2b', 2147483647, '1403755659', '1406347659', 0),
	('c5A53aba1d33ae9', 2147483647, '1403757011', '1406349011', 0),
	('c5N53aba1218fd5', 2147483647, '1403756833', '1406348833', 0),
	('C6k53abaaaed002', 2147483647, '1403759278', '1406351278', 0),
	('c6Y53aba1d1a362', 2147483647, '1403757009', '1406349009', 0),
	('C6y53aba1d279a5', 2147483647, '1403757010', '1406349010', 0),
	('C7m53ab9ccf819c', 2147483647, '1403755727', '1406347727', 0),
	('C7m53abaaf4e407', 2147483647, '1403759348', '1406351348', 0),
	('C7m53abad9312e2', 27786578, '1403760019', '1406352019', 0),
	('C7p53abaaf55769', 2147483647, '1403759349', '1406351349', 0),
	('c7X53ab9c8d3cd0', 2147483647, '1403755661', '1406347661', 0),
	('c7X53abab1ba0b3', 2147483647, '1403759387', '1406351387', 0),
	('C7z53abaaf5b75d', 2147483647, '1403759349', '1406351349', 0),
	('c8D53ab9c8d714e', 2147483647, '1403755661', '1406347661', 0),
	('c8D53abab1bc8fc', 2147483647, '1403759387', '1406351387', 0),
	('C8t53ab9cb9044b', 2147483647, '1403755705', '1406347705', 0),
	('C8t53abad91ad67', 27786578, '1403760017', '1406352017', 0),
	('c9E53abaaf587c1', 2147483647, '1403759349', '1406351349', 0),
	('C9x53aba1d1999d', 2147483647, '1403757009', '1406349009', 0),
	('cC653ab9f68c407', 2147483647, '1403756392', '1406348392', 0),
	('cC653abaed4e08c', 83748267, '1403760340', '1406352340', 0),
	('Ce753ab9c8cb00a', 2147483647, '1403755660', '1406347660', 0),
	('Ce753abab1b5968', 2147483647, '1403759387', '1406351387', 0),
	('Cj753ab9cd138e1', 2147483647, '1403755729', '1406347729', 0),
	('Cj753abae3dd1be', 86423334, '1403760189', '1406352189', 0),
	('cX453abaa24c318', 2147483647, '1403759140', '1406351140', 0),
	('Cy653abaa2520bf', 2147483647, '1403759141', '1406351141', 0),
	('D3a53abaaafe311', 2147483647, '1403759279', '1406351279', 0),
	('d3N53aba1d1cf93', 2147483647, '1403757009', '1406349009', 0),
	('D3r53abaa2543a9', 2147483647, '1403759141', '1406351141', 0),
	('D4g53abaa26be3d', 2147483647, '1403759142', '1406351142', 0),
	('D4t53abaaf41097', 2147483647, '1403759348', '1406351348', 0),
	('D6d53abaaaf48c2', 2147483647, '1403759279', '1406351279', 0),
	('D7j53abab1ace96', 2147483647, '1403759386', '1406351386', 0),
	('d8T53abab19d103', 2147483647, '1403759385', '1406351385', 0),
	('d9T53ab9cb85324', 2147483647, '1403755704', '1406347704', 0),
	('d9T53abad069444', 38632488, '1403759878', '1406351878', 0),
	('dA753abaaf47202', 2147483647, '1403759348', '1406351348', 0),
	('Dc253ab9c8c9c82', 2147483647, '1403755660', '1406347660', 0),
	('Dc253abab1b4a06', 2147483647, '1403759387', '1406351387', 0),
	('dE353aba11fb3f0', 2147483647, '1403756831', '1406348831', 0),
	('dE353abb0688254', 77642559, '1403760744', '1406352744', 0),
	('Df753abaa25b3ba', 2147483647, '1403759141', '1406351141', 0),
	('dG653ab9f67e99d', 2147483647, '1403756391', '1406348391', 0),
	('dG653abaed44776', 83748267, '1403760340', '1406352340', 0),
	('Dj553ab9cb8a9d1', 2147483647, '1403755704', '1406347704', 0),
	('Dj553abad070a55', 38632488, '1403759879', '1406351879', 0),
	('dJ953ab9cb8b933', 2147483647, '1403755704', '1406347704', 0),
	('Dk253ab9f6a4130', 2147483647, '1403756394', '1406348394', 0),
	('Dk253abb067d97b', 77642559, '1403760743', '1406352743', 0),
	('dM553abab1a2757', 2147483647, '1403759386', '1406351386', 0),
	('dP253abaa25b89c', 2147483647, '1403759141', '1406351141', 0),
	('Dp653abab19db45', 2147483647, '1403759385', '1406351385', 0),
	('dR753ab9cb84922', 2147483647, '1403755704', '1406347704', 0),
	('dR753abad068a42', 38632488, '1403759878', '1406351878', 0),
	('Du353ab9cd0b65c', 2147483647, '1403755728', '1406347728', 0),
	('Du353abae3d710f', 86423334, '1403760189', '1406352189', 0),
	('Dz653ab9c8e4c73', 2147483647, '1403755662', '1406347662', 0),
	('dZ653abaab00bfb', 2147483647, '1403759280', '1406351280', 0),
	('Dz653abad04d04d', 38632488, '1403759876', '1406351876', 0),
	('e2K53ab9c8daf90', 2147483647, '1403755661', '1406347661', 0),
	('e2K53abab1c7735', 2147483647, '1403759388', '1406351388', 0),
	('e3J53abaaadac59', 2147483647, '1403759277', '1406351277', 0),
	('e3Z53abaaf318e1', 2147483647, '1403759347', '1406351347', 0),
	('e4B53abaab03c52', 2147483647, '1403759280', '1406351280', 0),
	('e4P53ab9c8c08cb', 2147483647, '1403755660', '1406347660', 0),
	('e4P53abab1af2f7', 2147483647, '1403759386', '1406351386', 0),
	('E5d53aba1d1b7e4', 2147483647, '1403757009', '1406349009', 0),
	('E5h53aba120743b', 2147483647, '1403756832', '1406348832', 0),
	('E5h53abb06927c3', 77642559, '1403760745', '1406352745', 0),
	('E5x53aba1d41c29', 2147483647, '1403757012', '1406349012', 0),
	('e6C53ab9d636bbf', 2147483647, '1403755875', '1406347875', 0),
	('e6C53abae3e76b0', 86423334, '1403760190', '1406352190', 0),
	('e6F53ab9ccf6355', 2147483647, '1403755727', '1406347727', 0),
	('e6F53abad930341', 27786578, '1403760019', '1406352019', 0),
	('E6j53ab9c8deecd', 2147483647, '1403755661', '1406347661', 0),
	('E6j53ab9f67bb39', 2147483647, '1403756391', '1406348391', 0),
	('E6j53abaed42392', 83748267, '1403760340', '1406352340', 0),
	('E6k53abad923c21', 27786578, '1403760018', '1406352018', 0),
	('e7D53ab9f689ac4', 2147483647, '1403756392', '1406348392', 0),
	('e7D53abaed4be9c', 83748267, '1403760340', '1406352340', 0),
	('E7s53abaab04b76', 2147483647, '1403759280', '1406351280', 0),
	('e8X53aba1208031', 2147483647, '1403756832', '1406348832', 0),
	('e8X53abb06931c6', 77642559, '1403760745', '1406352745', 0),
	('eC653ab9cb7397e', 2147483647, '1403755703', '1406347703', 0),
	('eC653abad05cbad', 38632488, '1403759877', '1406351877', 0),
	('Ec853ab9c8d9e3b', 2147483647, '1403755661', '1406347661', 0),
	('Ec853abab1c67d3', 2147483647, '1403759388', '1406351388', 0),
	('eD453abab1ad378', 2147483647, '1403759386', '1406351386', 0),
	('eJ253ab9f6a566e', 2147483647, '1403756394', '1406348394', 0),
	('eJ253abb067ecc4', 77642559, '1403760743', '1406352743', 0),
	('eK953ab9d66b121', 2147483647, '1403755878', '1406347878', 0),
	('eM353abaaae858a', 2147483647, '1403759278', '1406351278', 0),
	('eN753ab9d64ef5c', 2147483647, '1403755876', '1406347876', 0),
	('eN753abae3f2b42', 86423334, '1403760191', '1406352191', 0),
	('Ep253ab9c8d693f', 2147483647, '1403755661', '1406347661', 0),
	('Ep253abab1bc2e1', 2147483647, '1403759387', '1406351387', 0),
	('Eq553ab9cd0c05f', 2147483647, '1403755728', '1406347728', 0),
	('Eq553abae3d7b11', 86423334, '1403760189', '1406352189', 0),
	('eQ853abaa25e4cd', 2147483647, '1403759141', '1406351141', 0),
	('eS253aba12058e2', 2147483647, '1403756832', '1406348832', 0),
	('eS253abb0690518', 77642559, '1403760745', '1406352745', 0),
	('eS353abaaf47c82', 2147483647, '1403759348', '1406351348', 0),
	('Et653ab9d64919b', 2147483647, '1403755876', '1406347876', 0),
	('Et653abae3eef8b', 86423334, '1403760190', '1406352190', 0),
	('eW253ab9cb82638', 2147483647, '1403755704', '1406347704', 0),
	('eW253abad066bfb', 38632488, '1403759878', '1406351878', 0),
	('eW853abaed30f4b', 83748267, '1403760339', '1406352339', 0),
	('Ex553aba11f7fb1', 2147483647, '1403756831', '1406348831', 0),
	('Ex553abb068717c', 77642559, '1403760744', '1406352744', 0),
	('eX953abaaf593b7', 2147483647, '1403759349', '1406351349', 0),
	('f2F53ab9c8e367a', 2147483647, '1403755662', '1406347662', 0),
	('f2F53abad04bc09', 38632488, '1403759876', '1406351876', 0),
	('f2K53ab9cd0d1f3', 2147483647, '1403755728', '1406347728', 0),
	('f2K53abae3d8ab2', 86423334, '1403760189', '1406352189', 0),
	('f2S53ab9d63dd86', 2147483647, '1403755875', '1406347875', 0),
	('f2S53abae3ec742', 86423334, '1403760190', '1406352190', 0),
	('F2t53abaaae92b9', 2147483647, '1403759278', '1406351278', 0),
	('f2Y53ab9d653e9b', 2147483647, '1403755877', '1406347877', 0),
	('f2Y53abae3f3f47', 86423334, '1403760191', '1406352191', 0),
	('F3a53abaa25d3f4', 2147483647, '1403759141', '1406351141', 0),
	('F3h53abaa25ac67', 2147483647, '1403759141', '1406351141', 0),
	('F3n53abad04b207', 38632488, '1403759876', '1406351876', 0),
	('F3p53ab9c8c2f20', 2147483647, '1403755660', '1406347660', 0),
	('F3p53abab1b0d79', 2147483647, '1403759387', '1406351387', 0),
	('F3s53ab9c8e2c39', 2147483647, '1403755662', '1406347662', 0),
	('F3t53ab9cb6adf0', 2147483647, '1403755702', '1406347702', 0),
	('F3t53abad05855c', 38632488, '1403759877', '1406351877', 0),
	('F3w53ab9f6a11d2', 2147483647, '1403756394', '1406348394', 0),
	('F3w53abb067b326', 77642559, '1403760743', '1406352743', 0),
	('f4C53ab9d645e55', 2147483647, '1403755876', '1406347876', 0),
	('f4C53abae3ee588', 86423334, '1403760190', '1406352190', 0),
	('f4F53ab9d658d3a', 2147483647, '1403755877', '1406347877', 0),
	('f4F53abae3fbcc6', 86423334, '1403760191', '1406352191', 0),
	('f4K53abaaf38e90', 2147483647, '1403759347', '1406351347', 0),
	('f4S53abaaf5347f', 2147483647, '1403759349', '1406351349', 0),
	('f5D53ab9c8db9d2', 2147483647, '1403755661', '1406347661', 0),
	('f5D53abab1c81f3', 2147483647, '1403759388', '1406351388', 0),
	('f6G53abaa241bd9', 2147483647, '1403759140', '1406351140', 0),
	('F6p53abaa26b822', 2147483647, '1403759142', '1406351142', 0),
	('F6r53abaaf5cd95', 2147483647, '1403759349', '1406351349', 0),
	('f6T53ab9d664537', 2147483647, '1403755878', '1406347878', 0),
	('f6T53abae4059a9', 86423334, '1403760192', '1406352192', 0),
	('f6Y53ab9d678477', 2147483647, '1403755879', '1406347879', 0),
	('F6y53abaaae2ede', 2147483647, '1403759278', '1406351278', 0),
	('f6Y53abaed3b06f', 83748267, '1403760339', '1406352339', 0),
	('F8d53ab9cb7e810', 2147483647, '1403755703', '1406347703', 0),
	('F8d53abad064856', 38632488, '1403759878', '1406351878', 0),
	('f8R53aba121ba51', 2147483647, '1403756833', '1406348833', 0),
	('F8v53abaaada544', 2147483647, '1403759277', '1406351277', 0),
	('F8y53aba1d44f6f', 2147483647, '1403757012', '1406349012', 0),
	('F9x53ab9cb7ca85', 2147483647, '1403755703', '1406347703', 0),
	('F9x53abad062d7a', 38632488, '1403759878', '1406351878', 0),
	('fD753abaaf4af89', 2147483647, '1403759348', '1406351348', 0),
	('Fe853abaab02427', 2147483647, '1403759280', '1406351280', 0),
	('Fh653ab9cb8d40e', 2147483647, '1403755704', '1406347704', 0),
	('Fh653abad9178e9', 27786578, '1403760017', '1406352017', 0),
	('fK353ab9d65ea01', 2147483647, '1403755877', '1406347877', 0),
	('fK353abae404100', 86423334, '1403760192', '1406352192', 0),
	('Fk853ab9d655fd0', 2147483647, '1403755877', '1406347877', 0),
	('Fk853abae3f4988', 86423334, '1403760191', '1406352191', 0),
	('fN853abaa2548c9', 2147483647, '1403759141', '1406351141', 0),
	('fR553abaa252fa3', 2147483647, '1403759141', '1406351141', 0),
	('Fr853ab9cb7c5e1', 2147483647, '1403755703', '1406347703', 0),
	('Fr853abad06281b', 38632488, '1403759878', '1406351878', 0),
	('fT353ab9cb97d26', 2147483647, '1403755705', '1406347705', 0),
	('fT353abad92321e', 27786578, '1403760018', '1406352018', 0),
	('Ft753ab9c8e04ab', 2147483647, '1403755662', '1406347662', 0),
	('fT953abaed40ae9', 83748267, '1403760340', '1406352340', 0),
	('fU453ab9cb864b8', 2147483647, '1403755704', '1406347704', 0),
	('fU453abad06a329', 38632488, '1403759878', '1406351878', 0),
	('fU553abaaaeafc7', 2147483647, '1403759278', '1406351278', 0),
	('fV353abaab07286', 2147483647, '1403759280', '1406351280', 0),
	('Fx453ab9ccfbcb2', 2147483647, '1403755727', '1406347727', 0),
	('Fx453abad9349d1', 27786578, '1403760019', '1406352019', 0),
	('g2G53ab9c8c75af', 2147483647, '1403755660', '1406347660', 0),
	('g2G53abab1b2910', 2147483647, '1403759387', '1406351387', 0),
	('G2k53abaaafc7b8', 2147483647, '1403759279', '1406351279', 0),
	('G2v53ab9c8ccae5', 2147483647, '1403755660', '1406347660', 0),
	('G2v53abab1b6fa0', 2147483647, '1403759387', '1406351387', 0),
	('G3f53ab9d638cf4', 2147483647, '1403755875', '1406347875', 0),
	('G3f53abae3e8e5f', 86423334, '1403760190', '1406352190', 0),
	('g4C53aba1d2bb14', 2147483647, '1403757010', '1406349010', 0),
	('G4g53aba120e507', 2147483647, '1403756832', '1406348832', 0),
	('G4g53abb0696a2c', 77642559, '1403760745', '1406352745', 0),
	('g4J53aba1d3aa7d', 2147483647, '1403757011', '1406349011', 0),
	('g4J53abab1add7b', 2147483647, '1403759386', '1406351386', 0),
	('G4q53ab9f6a2616', 2147483647, '1403756394', '1406348394', 0),
	('G4q53abb067c343', 77642559, '1403760743', '1406352743', 0),
	('g4R53ab9cb88ef6', 2147483647, '1403755704', '1406347704', 0),
	('g4R53abad06cb72', 38632488, '1403759878', '1406351878', 0),
	('g4U53ab9c8c7dbe', 2147483647, '1403755660', '1406347660', 0),
	('g4U53abab1b2db4', 2147483647, '1403759387', '1406351387', 0),
	('g6B53abaa2482a3', 2147483647, '1403759140', '1406351140', 0),
	('g6M53ab9ccfa8ac', 2147483647, '1403755727', '1406347727', 0),
	('g6M53abad93358d', 27786578, '1403760019', '1406352019', 0),
	('G6y53ab9ccedb33', 2147483647, '1403755726', '1406347726', 0),
	('G6y53abad92cd28', 27786578, '1403760018', '1406352018', 0),
	('G7e53ab9cb83f1f', 2147483647, '1403755704', '1406347704', 0),
	('G7e53abad06803f', 38632488, '1403759878', '1406351878', 0),
	('G7n53abaaf5d238', 2147483647, '1403759349', '1406351349', 0),
	('G7r53aba1d31f91', 2147483647, '1403757011', '1406349011', 0),
	('g7U53abaaf436ae', 2147483647, '1403759348', '1406351348', 0),
	('G7x53abaaf45bca', 2147483647, '1403759348', '1406351348', 0),
	('G8j53ab9c8c5c0d', 2147483647, '1403755660', '1406347660', 0),
	('G8j53abab1b23b1', 2147483647, '1403759387', '1406351387', 0),
	('G8n53abaaf5d797', 2147483647, '1403759349', '1406351349', 0),
	('G8y53abab1a05e4', 2147483647, '1403759386', '1406351386', 0),
	('g9D53aba1d1d4b3', 2147483647, '1403757009', '1406349009', 0),
	('gA253abaa242908', 2147483647, '1403759140', '1406351140', 0),
	('gB353abaa2478a0', 2147483647, '1403759140', '1406351140', 0),
	('gG453ab9c8d520e', 2147483647, '1403755661', '1406347661', 0),
	('gG453abab1ba612', 2147483647, '1403759387', '1406351387', 0),
	('Gg753ab9ccfa1d6', 2147483647, '1403755727', '1406347727', 0),
	('Gg753abad933128', 27786578, '1403760019', '1406352019', 0),
	('gH553ab9d63b30a', 2147483647, '1403755875', '1406347875', 0),
	('gH553abae3e9ef9', 86423334, '1403760190', '1406352190', 0),
	('Gn253aba1205e03', 2147483647, '1403756832', '1406348832', 0),
	('Gn253abb069097d', 77642559, '1403760745', '1406352745', 0),
	('Gn453ab9c8e56b5', 2147483647, '1403755662', '1406347662', 0),
	('Gn453abad04da50', 38632488, '1403759876', '1406351876', 0),
	('gQ453ab9cb75ce5', 2147483647, '1403755703', '1406347703', 0),
	('gQ453abad05db4d', 38632488, '1403759877', '1406351877', 0),
	('Gq553ab9f6880a4', 2147483647, '1403756392', '1406348392', 0),
	('Gq553abaed4b499', 83748267, '1403760340', '1406352340', 0),
	('gT653ab9c8bed8d', 2147483647, '1403755659', '1406347659', 0),
	('gT653abab1ae77d', 2147483647, '1403759386', '1406351386', 0),
	('gT953ab9cb74574', 2147483647, '1403755703', '1406347703', 0),
	('gT953abad05d14b', 38632488, '1403759877', '1406351877', 0),
	('Gx953abaaadbc76', 2147483647, '1403759277', '1406351277', 0),
	('gY753aba11fa4cd', 2147483647, '1403756831', '1406348831', 0),
	('gY753abb0687a46', 77642559, '1403760744', '1406352744', 0),
	('Gz253abab1ac743', 2147483647, '1403759386', '1406351386', 0),
	('Gz553abaaade5b9', 2147483647, '1403759277', '1406351277', 0),
	('H2s53abaaf3cb1c', 2147483647, '1403759347', '1406351347', 0),
	('h3B53ab9cd03f75', 2147483647, '1403755728', '1406347728', 0),
	('h3B53abad939e4b', 27786578, '1403760019', '1406352019', 0),
	('h3K53ab9d675d27', 2147483647, '1403755879', '1406347879', 0),
	('h3K53abaed39a37', 83748267, '1403760339', '1406352339', 0),
	('H3t53abab1a55bb', 2147483647, '1403759386', '1406351386', 0),
	('H4b53ab9cd0212e', 2147483647, '1403755728', '1406347728', 0),
	('H4b53abad938043', 27786578, '1403760019', '1406352019', 0),
	('h4G53abaab06da4', 2147483647, '1403759280', '1406351280', 0),
	('h4H53ab9cceca5a', 2147483647, '1403755726', '1406347726', 0),
	('h4H53abad92be82', 27786578, '1403760018', '1406352018', 0),
	('h4R53abad9150a0', 27786578, '1403760017', '1406352017', 0),
	('h5F53aba12069f9', 2147483647, '1403756832', '1406348832', 0),
	('h5F53abb069118b', 77642559, '1403760745', '1406352745', 0),
	('h5G53abab1ab33e', 2147483647, '1403759386', '1406351386', 0),
	('H5t53abaa2539a6', 2147483647, '1403759141', '1406351141', 0),
	('H6d53ab9f69153a', 2147483647, '1403756393', '1406348393', 0),
	('H6d53abaed52ed1', 83748267, '1403760341', '1406352341', 0),
	('H6e53abaab019e5', 2147483647, '1403759280', '1406351280', 0),
	('H6j53abaaf5b1fe', 2147483647, '1403759349', '1406351349', 0),
	('H6x53aba1219a16', 2147483647, '1403756833', '1406348833', 0),
	('h7K53ab9f67ca9b', 2147483647, '1403756391', '1406348391', 0),
	('h7K53abaed42d95', 83748267, '1403760340', '1406352340', 0),
	('H8m53abaa25a785', 2147483647, '1403759141', '1406351141', 0),
	('h8P53ab9cce75e0', 2147483647, '1403755726', '1406347726', 0),
	('h8P53abad925fc7', 27786578, '1403760018', '1406352018', 0),
	('H9p53ab9cb92bd9', 2147483647, '1403755705', '1406347705', 0),
	('h9P53ab9f6a04a3', 2147483647, '1403756394', '1406348394', 0),
	('H9p53abad91d5b0', 27786578, '1403760017', '1406352017', 0),
	('h9P53abb067a923', 77642559, '1403760743', '1406352743', 0),
	('Hb353ab9d6741cf', 2147483647, '1403755879', '1406347879', 0),
	('Hb353abaed382c7', 83748267, '1403760339', '1406352339', 0),
	('Hd553ab9f682fd3', 2147483647, '1403756392', '1406348392', 0),
	('Hd553abaed47424', 83748267, '1403760340', '1406352340', 0),
	('hG853aba121649e', 2147483647, '1403756833', '1406348833', 0),
	('Hh253aba11f6b6d', 2147483647, '1403756831', '1406348831', 0),
	('Hh253abb0686064', 77642559, '1403760744', '1406352744', 0),
	('hJ253abae3e0b04', 86423334, '1403760190', '1406352190', 0),
	('Hm353ab9f69dfe0', 2147483647, '1403756393', '1406348393', 0),
	('Hm353abb0679d2c', 77642559, '1403760743', '1406352743', 0),
	('Hn653ab9f680131', 2147483647, '1403756392', '1406348392', 0),
	('Hn653abaed44bdb', 83748267, '1403760340', '1406352340', 0),
	('Hp553abaaaf21b2', 2147483647, '1403759279', '1406351279', 0),
	('hU353ab9d67dae5', 2147483647, '1403755879', '1406347879', 0),
	('hU353abaed3e75f', 83748267, '1403760339', '1406352339', 0),
	('hX253ab9c8c908b', 2147483647, '1403755660', '1406347660', 0),
	('hX253abab1b37f5', 2147483647, '1403759387', '1406351387', 0),
	('Hy353aba1d3a59b', 2147483647, '1403757011', '1406349011', 0),
	('Hy653aba1d1e6c5', 2147483647, '1403757009', '1406349009', 0),
	('Hz553ab9c8e1ae3', 2147483647, '1403755662', '1406347662', 0),
	('J2m53aba1d2e87e', 2147483647, '1403757010', '1406349010', 0),
	('J2t53ab9c8e24e6', 2147483647, '1403755662', '1406347662', 0),
	('J4q53ab9d65ad74', 2147483647, '1403755877', '1406347877', 0),
	('J4q53abae3fdc83', 86423334, '1403760191', '1406352191', 0),
	('j4R53aba121cb68', 2147483647, '1403756833', '1406348833', 0),
	('j5Q53ab9cce89e5', 2147483647, '1403755726', '1406347726', 0),
	('j5Q53abad9273cc', 27786578, '1403760018', '1406352018', 0),
	('J6h53ab9cb87f94', 2147483647, '1403755704', '1406347704', 0),
	('J6h53abad06bc8d', 38632488, '1403759878', '1406351878', 0),
	('J6p53ab9cb7ae32', 2147483647, '1403755703', '1406347703', 0),
	('J6p53abad061416', 38632488, '1403759878', '1406351878', 0),
	('j7W53ab9f6a320d', 2147483647, '1403756394', '1406348394', 0),
	('j7W53abb067cd84', 77642559, '1403760743', '1406352743', 0),
	('J8u53ab9f681efa', 2147483647, '1403756392', '1406348392', 0),
	('J8u53abaed4657e', 83748267, '1403760340', '1406352340', 0),
	('j9C53aba1d427a3', 2147483647, '1403757012', '1406349012', 0),
	('J9e53abaa24718c', 2147483647, '1403759140', '1406351140', 0),
	('j9K53ab9f685c43', 2147483647, '1403756392', '1406348392', 0),
	('j9K53abaed49808', 83748267, '1403760340', '1406352340', 0),
	('J9s53ab9f6847ff', 2147483647, '1403756392', '1406348392', 0),
	('J9s53abaed48868', 83748267, '1403760340', '1406352340', 0),
	('Jb653abaaf36452', 2147483647, '1403759347', '1406351347', 0),
	('jD253ab9cce7a83', 2147483647, '1403755726', '1406347726', 0),
	('Jd253abaaf58f14', 2147483647, '1403759349', '1406351349', 0),
	('jD253abad92646a', 27786578, '1403760018', '1406352018', 0),
	('jE953ab9cd04495', 2147483647, '1403755728', '1406347728', 0),
	('jE953abad93a3e9', 27786578, '1403760019', '1406352019', 0),
	('Jj953aba1d3a07b', 2147483647, '1403757011', '1406349011', 0),
	('Jr753ab9d64b7f0', 2147483647, '1403755876', '1406347876', 0),
	('Jr753abae3f16fe', 86423334, '1403760191', '1406352191', 0),
	('jS653aba1d36526', 2147483647, '1403757011', '1406349011', 0),
	('Ju653ab9cb7d488', 2147483647, '1403755703', '1406347703', 0),
	('Ju653abad0639b0', 38632488, '1403759878', '1406351878', 0),
	('jX353aba1d45ba4', 2147483647, '1403757012', '1406349012', 0),
	('k3H53ab9f6a16f3', 2147483647, '1403756394', '1406348394', 0),
	('k3H53abaaf46129', 2147483647, '1403759348', '1406351348', 0),
	('k3H53abb067b78b', 77642559, '1403760743', '1406352743', 0),
	('K4b53aba120a780', 2147483647, '1403756832', '1406348832', 0),
	('K4b53abb0694fce', 77642559, '1403760745', '1406352745', 0),
	('k4M53abaaae4033', 2147483647, '1403759278', '1406351278', 0),
	('K4t53aba1d3934b', 2147483647, '1403757011', '1406349011', 0),
	('K5q53ab9cd01c8b', 2147483647, '1403755728', '1406347728', 0),
	('K5q53abad937ba0', 27786578, '1403760019', '1406352019', 0),
	('k5R53ab9c8e311b', 2147483647, '1403755662', '1406347662', 0),
	('k5R53abad04b766', 38632488, '1403759876', '1406351876', 0),
	('k5W53ab9c8e5b58', 2147483647, '1403755662', '1406347662', 0),
	('k5W53abad04dfaf', 38632488, '1403759876', '1406351876', 0),
	('K5z53ab9f6834f4', 2147483647, '1403756392', '1406348392', 0),
	('K5z53abaed479c2', 83748267, '1403760340', '1406352340', 0),
	('K6f53abaaf36973', 2147483647, '1403759347', '1406351347', 0),
	('k6H53aba121111e', 2147483647, '1403756833', '1406348833', 0),
	('k6H53abb0697a0b', 77642559, '1403760745', '1406352745', 0),
	('k6S53abaaaf3bd2', 2147483647, '1403759279', '1406351279', 0),
	('k6Y53abaa257b53', 2147483647, '1403759141', '1406351141', 0),
	('K7q53ab9cb7253a', 2147483647, '1403755703', '1406347703', 0),
	('K7q53abad05c1aa', 38632488, '1403759877', '1406351877', 0),
	('k8E53abab1aac67', 2147483647, '1403759386', '1406351386', 0),
	('k8F53ab9ccf9c77', 2147483647, '1403755727', '1406347727', 0),
	('k8F53abad932b8a', 27786578, '1403760019', '1406352019', 0),
	('k8Z53abaa24e352', 2147483647, '1403759140', '1406351140', 0),
	('k9E53abab19b434', 2147483647, '1403759385', '1406351385', 0),
	('K9h53ab9d659e51', 2147483647, '1403755877', '1406347877', 0),
	('K9h53abae3fd6e6', 86423334, '1403760191', '1406352191', 0),
	('Ke353ab9cd069b2', 2147483647, '1403755728', '1406347728', 0),
	('kF853ab9c8d8c29', 2147483647, '1403755661', '1406347661', 0),
	('kF853aba1209149', 2147483647, '1403756832', '1406348832', 0),
	('kF853abab1c4cf8', 2147483647, '1403759388', '1406351388', 0),
	('kF853abb0693d7e', 77642559, '1403760745', '1406352745', 0),
	('Kg653abaa24b201', 2147483647, '1403759140', '1406351140', 0),
	('Kk253ab9c8e76ef', 2147483647, '1403755662', '1406347662', 0),
	('Kk253abad050bc5', 38632488, '1403759877', '1406351877', 0),
	('Kk353ab9ccf37a1', 2147483647, '1403755727', '1406347727', 0),
	('Kk353abad92e072', 27786578, '1403760018', '1406352018', 0),
	('kN753ab9f68d03c', 2147483647, '1403756392', '1406348392', 0),
	('kN753abaed4ea8f', 83748267, '1403760340', '1406352340', 0),
	('kQ453ab9cb81ee4', 2147483647, '1403755704', '1406347704', 0),
	('kQ453ab9ccf0b70', 2147483647, '1403755727', '1406347727', 0),
	('kQ453abad06669c', 38632488, '1403759878', '1406351878', 0),
	('kQ453abad92d72b', 27786578, '1403760018', '1406352018', 0),
	('Ku453ab9d674d0a', 2147483647, '1403755879', '1406347879', 0),
	('Ku453abaed38826', 83748267, '1403760339', '1406352339', 0),
	('kW653ab9cb6b7f3', 2147483647, '1403755702', '1406347702', 0),
	('kW653abad058f5f', 38632488, '1403759877', '1406351877', 0),
	('Kx953ab9c8ce11d', 2147483647, '1403755660', '1406347660', 0),
	('Kx953abab1b85d7', 2147483647, '1403759387', '1406351387', 0),
	('Kz453ab9d642d04', 2147483647, '1403755876', '1406347876', 0),
	('Kz453abae3ed6e2', 86423334, '1403760190', '1406352190', 0),
	('Kz953abaaaf347f', 2147483647, '1403759279', '1406351279', 0),
	('M2v53abaaadc9a5', 2147483647, '1403759277', '1406351277', 0),
	('M2v53abaaf4249d', 2147483647, '1403759348', '1406351348', 0),
	('m3E53abaaf3ba05', 2147483647, '1403759347', '1406351347', 0),
	('M3n53ab9d66c006', 2147483647, '1403755878', '1406347878', 0),
	('m3P53abaaae10d6', 2147483647, '1403759278', '1406351278', 0),
	('M3r53abaaaf2bb5', 2147483647, '1403759279', '1406351279', 0),
	('M4a53aba1d37ec9', 2147483647, '1403757011', '1406349011', 0),
	('m4D53ab9d676248', 2147483647, '1403755879', '1406347879', 0),
	('m4D53abaed39edb', 83748267, '1403760339', '1406352339', 0),
	('m4X53ab9ccf863f', 2147483647, '1403755727', '1406347727', 0),
	('m4X53abad931785', 27786578, '1403760019', '1406352019', 0),
	('m5A53ab9cce98ca', 2147483647, '1403755726', '1406347726', 0),
	('m5A53abad927e0d', 27786578, '1403760018', '1406352018', 0),
	('m6E53abaa245d86', 2147483647, '1403759140', '1406351140', 0),
	('m6Q53aba1d2ed60', 2147483647, '1403757010', '1406349010', 0),
	('m8T53abaaf5101e', 2147483647, '1403759349', '1406351349', 0),
	('M9d53aba11f3b15', 2147483647, '1403756831', '1406348831', 0),
	('M9d53abb0684606', 77642559, '1403760744', '1406352744', 0),
	('Ma253abaaadb179', 2147483647, '1403759277', '1406351277', 0),
	('Mc253ab9f68da3f', 2147483647, '1403756392', '1406348392', 0),
	('Mc253abaed5006d', 83748267, '1403760341', '1406352341', 0),
	('Mf953ab9d64d925', 2147483647, '1403755876', '1406347876', 0),
	('Mf953abae3f25a4', 86423334, '1403760191', '1406352191', 0),
	('mK653ab9cd103e5', 2147483647, '1403755729', '1406347729', 0),
	('mK653abae3d94b4', 86423334, '1403760189', '1406352189', 0),
	('mK853ab9cb95422', 2147483647, '1403755705', '1406347705', 0),
	('mK853abad920dbd', 27786578, '1403760018', '1406352018', 0),
	('Mn353ab9ccecf3c', 2147483647, '1403755726', '1406347726', 0),
	('Mn353abad92c326', 27786578, '1403760018', '1406352018', 0),
	('Mn853aba120f2f2', 2147483647, '1403756832', '1406348832', 0),
	('Mn853abb0696dd6', 77642559, '1403760745', '1406352745', 0),
	('Mp453abaaf49e72', 2147483647, '1403759348', '1406351348', 0),
	('mQ653ab9d646f6d', 2147483647, '1403755876', '1406347876', 0),
	('mQ653abae3eeae7', 86423334, '1403760190', '1406352190', 0),
	('mR453abaa24e873', 2147483647, '1403759140', '1406351140', 0),
	('Mv553ab9d67b0a8', 2147483647, '1403755879', '1406347879', 0),
	('Mv553abaed3d2dc', 83748267, '1403760339', '1406352339', 0),
	('mV853aba1214463', 2147483647, '1403756833', '1406348833', 0),
	('Mw853aba11fc834', 2147483647, '1403756831', '1406348831', 0),
	('Mw853abb06894a4', 77642559, '1403760744', '1406352744', 0),
	('Mw953ab9cb8735f', 2147483647, '1403755704', '1406347704', 0),
	('Mw953abad06b28b', 38632488, '1403759878', '1406351878', 0),
	('Mx553ab9c8e7190', 2147483647, '1403755662', '1406347662', 0),
	('Mx553abad050666', 38632488, '1403759877', '1406351877', 0),
	('mY453abaa246268', 2147483647, '1403759140', '1406351140', 0),
	('mY653abaa26a323', 2147483647, '1403759142', '1406351142', 0),
	('N3d53ab9ccf8dd1', 2147483647, '1403755727', '1406347727', 0),
	('N3d53abad931ce4', 27786578, '1403760019', '1406352019', 0),
	('n3N53ab9f68e480', 2147483647, '1403756392', '1406348392', 0),
	('n3N53abaed5108b', 83748267, '1403760341', '1406352341', 0),
	('N4g53aba1214984', 2147483647, '1403756833', '1406348833', 0),
	('N4t53abaaf3da7e', 2147483647, '1403759347', '1406351347', 0),
	('N5d53aba1d2596b', 2147483647, '1403757010', '1406349010', 0),
	('n5G53abaa249dfb', 2147483647, '1403759140', '1406351140', 0),
	('n5W53ab9cb6dd10', 2147483647, '1403755702', '1406347702', 0),
	('n5W53abad05b304', 38632488, '1403759877', '1406351877', 0),
	('n6M53ab9c8d2f62', 2147483647, '1403755661', '1406347661', 0),
	('n6M53abab1b99dd', 2147483647, '1403759387', '1406351387', 0),
	('n6N53ab9c8d5efe', 2147483647, '1403755661', '1406347661', 0),
	('n6N53abab1bb015', 2147483647, '1403759387', '1406351387', 0),
	('N8y53abb06833f5', 77642559, '1403760744', '1406352744', 0),
	('N9a53aba11f904b', 2147483647, '1403756831', '1406348831', 0),
	('N9a53abb068769c', 77642559, '1403760744', '1406352744', 0),
	('N9b53aba1d1e1a4', 2147483647, '1403757009', '1406349009', 0),
	('n9G53ab9c8ca607', 2147483647, '1403755660', '1406347660', 0),
	('n9G53abab1b4f65', 2147483647, '1403759387', '1406351387', 0),
	('nA353aba1d21be4', 2147483647, '1403757010', '1406349010', 0),
	('Na753ab9f684129', 2147483647, '1403756392', '1406348392', 0),
	('Na753abaed483c5', 83748267, '1403760340', '1406352340', 0),
	('Nd353ab9c8daa31', 2147483647, '1403755661', '1406347661', 0),
	('Nd353abab1c71d6', 2147483647, '1403759388', '1406351388', 0),
	('nG853ab9cb93abd', 2147483647, '1403755705', '1406347705', 0),
	('nG853abad91e512', 27786578, '1403760017', '1406352017', 0),
	('nM653abaaaeaae5', 2147483647, '1403759278', '1406351278', 0),
	('Nn753ab9cb7cfe4', 2147483647, '1403755703', '1406347703', 0),
	('Nn753abad06348f', 38632488, '1403759878', '1406351878', 0),
	('Ns953ab9cb79d98', 2147483647, '1403755703', '1406347703', 0),
	('Ns953abad060a13', 38632488, '1403759878', '1406351878', 0),
	('Nt353abaaaea0e3', 2147483647, '1403759278', '1406351278', 0),
	('nX553abaa2491c6', 2147483647, '1403759140', '1406351140', 0),
	('nZ353ab9c8e8789', 2147483647, '1403755662', '1406347662', 0),
	('nZ353abad051a6c', 38632488, '1403759877', '1406351877', 0),
	('p2U53ab9c8ea747', 2147483647, '1403755662', '1406347662', 0),
	('p2U53abad053cd9', 38632488, '1403759877', '1406351877', 0),
	('P2x53aba1d3c5d6', 2147483647, '1403757011', '1406349011', 0),
	('P3v53abaaf5a319', 2147483647, '1403759349', '1406351349', 0),
	('P3y53ab9f698124', 2147483647, '1403756393', '1406348393', 0),
	('P3y53abaed5857e', 83748267, '1403760341', '1406352341', 0),
	('P4j53aba1d1ab70', 2147483647, '1403757009', '1406349009', 0),
	('p5D53ab9d665da1', 2147483647, '1403755878', '1406347878', 0),
	('p5D53abae4063ac', 86423334, '1403760192', '1406352192', 0),
	('p5U53ab9d679261', 2147483647, '1403755879', '1406347879', 0),
	('p5U53abaed3b707', 83748267, '1403760339', '1406352339', 0),
	('p5Y53ab9cd114be', 2147483647, '1403755729', '1406347729', 0),
	('p5Y53abae3da58d', 86423334, '1403760189', '1406352189', 0),
	('p5Z53aba1d3cab8', 2147483647, '1403757011', '1406349011', 0),
	('P6e53abaa26150a', 2147483647, '1403759142', '1406351142', 0),
	('p6K53abaab04655', 2147483647, '1403759280', '1406351280', 0),
	('P6p53ab9cd0a545', 2147483647, '1403755728', '1406347728', 0),
	('P6p53abae3d6268', 86423334, '1403760189', '1406352189', 0),
	('P6t53ab9c8da58e', 2147483647, '1403755661', '1406347661', 0),
	('P6t53abab1c6d32', 2147483647, '1403759388', '1406351388', 0),
	('P6x53abaa253ec7', 2147483647, '1403759141', '1406351141', 0),
	('P9d53ab9f686163', 2147483647, '1403756392', '1406348392', 0),
	('P9d53abaed49e62', 83748267, '1403760340', '1406352340', 0),
	('p9G53ab9c8c97de', 2147483647, '1403755660', '1406347660', 0),
	('p9G53abab1b4524', 2147483647, '1403759387', '1406351387', 0),
	('P9v53abaa263583', 2147483647, '1403759142', '1406351142', 0),
	('pB753ab9cb84e81', 2147483647, '1403755704', '1406347704', 0),
	('pB753abad068ee5', 38632488, '1403759878', '1406351878', 0),
	('Pc353ab9c8e9630', 2147483647, '1403755662', '1406347662', 0),
	('Pc353abad052b44', 38632488, '1403759877', '1406351877', 0),
	('Pd753abaaf46800', 2147483647, '1403759348', '1406351348', 0),
	('pE853ab9cb95c30', 2147483647, '1403755705', '1406347705', 0),
	('pE853abad92131c', 27786578, '1403760018', '1406352018', 0),
	('Pg853abaaaf7438', 2147483647, '1403759279', '1406351279', 0),
	('Ph453ab9cb7e2b1', 2147483647, '1403755703', '1406347703', 0),
	('Ph453abad0643b2', 38632488, '1403759878', '1406351878', 0),
	('pJ353ab9cceb904', 2147483647, '1403755726', '1406347726', 0),
	('pJ353abad92aee2', 27786578, '1403760018', '1406352018', 0),
	('Pk353ab9f6a7fb1', 2147483647, '1403756394', '1406348394', 0),
	('Pk353abb06809b8', 77642559, '1403760744', '1406352744', 0),
	('Pk953abaaafd1bb', 2147483647, '1403759279', '1406351279', 0),
	('pN253abaa250a87', 2147483647, '1403759141', '1406351141', 0),
	('Pq353ab9ccfeb15', 2147483647, '1403755727', '1406347727', 0),
	('Pq353abad936374', 27786578, '1403760019', '1406352019', 0),
	('pQ853abaed33235', 83748267, '1403760339', '1406352339', 0),
	('pS753aba11f4a38', 2147483647, '1403756831', '1406348831', 0),
	('pS753abb068523b', 77642559, '1403760744', '1406352744', 0),
	('Pw253ab9ccea2cd', 2147483647, '1403755726', '1406347726', 0),
	('Pw253abad928810', 27786578, '1403760018', '1406352018', 0),
	('pX453aba1d411aa', 2147483647, '1403757012', '1406349012', 0),
	('Py353ab9cb92486', 2147483647, '1403755705', '1406347705', 0),
	('Py353abad91d10d', 27786578, '1403760017', '1406352017', 0),
	('Py753abaab05578', 2147483647, '1403759280', '1406351280', 0),
	('Py753abaaf2ecca', 2147483647, '1403759346', '1406351346', 0),
	('pZ253ab9d66f196', 2147483647, '1403755878', '1406347878', 0),
	('pZ253abaed35de9', 83748267, '1403760339', '1406352339', 0),
	('Q2j53ab9d677227', 2147483647, '1403755879', '1406347879', 0),
	('Q2j53abaed3a479', 83748267, '1403760339', '1406352339', 0),
	('q3D53ab9c8ceb20', 2147483647, '1403755660', '1406347660', 0),
	('q3D53abab1b8fda', 2147483647, '1403759387', '1406351387', 0),
	('q4F53ab9f685202', 2147483647, '1403756392', '1406348392', 0),
	('q4F53abaed4926b', 83748267, '1403760340', '1406352340', 0),
	('Q5a53aba12044dd', 2147483647, '1403756832', '1406348832', 0),
	('Q5a53abb068e72a', 77642559, '1403760744', '1406352744', 0),
	('Q5b53ab9d668bc6', 2147483647, '1403755878', '1406347878', 0),
	('Q5b53abaa244422', 2147483647, '1403759140', '1406351140', 0),
	('Q5b53abae4077ef', 86423334, '1403760192', '1406352192', 0),
	('Q6a53abaa24c838', 2147483647, '1403759140', '1406351140', 0),
	('Q6d53abaaad9759', 2147483647, '1403759277', '1406351277', 0),
	('q7C53ab9f6a3c4e', 2147483647, '1403756394', '1406348394', 0),
	('q7C53abb067d5d1', 77642559, '1403760743', '1406352743', 0),
	('Q7t53ab9f6a20f6', 2147483647, '1403756394', '1406348394', 0),
	('Q7t53abb067bf99', 77642559, '1403760743', '1406352743', 0),
	('Q7w53abaa24382b', 2147483647, '1403759140', '1406351140', 0),
	('Q8p53ab9cb96e42', 2147483647, '1403755705', '1406347705', 0),
	('Q8p53abad921d5e', 27786578, '1403760018', '1406352018', 0),
	('Q9j53aba121a419', 2147483647, '1403756833', '1406348833', 0),
	('Q9z53ab9c8d8747', 2147483647, '1403755661', '1406347661', 0),
	('q9Z53ab9f691a5a', 2147483647, '1403756393', '1406348393', 0),
	('Q9z53abab1c2f6d', 2147483647, '1403759388', '1406351388', 0),
	('q9Z53abaed53ac8', 83748267, '1403760341', '1406352341', 0),
	('Qb353abab1a3198', 2147483647, '1403759386', '1406351386', 0),
	('qB753ab9cd12420', 2147483647, '1403755729', '1406347729', 0),
	('qB753abae3dbc80', 86423334, '1403760189', '1406352189', 0),
	('Qd953ab9cb935db', 2147483647, '1403755705', '1406347705', 0),
	('Qd953abad91dfb3', 27786578, '1403760017', '1406352017', 0),
	('Qd953abae3de602', 86423334, '1403760189', '1406352189', 0),
	('qF853ab9d65777f', 2147483647, '1403755877', '1406347877', 0),
	('qF853abae3f538b', 86423334, '1403760191', '1406352191', 0),
	('qG753ab9d66b8f1', 2147483647, '1403755878', '1406347878', 0),
	('Qk553ab9d66689e', 2147483647, '1403755878', '1406347878', 0),
	('Qk553abae406bba', 86423334, '1403760192', '1406352192', 0),
	('Qk853ab9cce6258', 2147483647, '1403755726', '1406347726', 0),
	('Qk853abad925026', 27786578, '1403760018', '1406352018', 0),
	('qK953abaaaee82e', 2147483647, '1403759278', '1406351278', 0),
	('qP753abab19dfe8', 2147483647, '1403759385', '1406351385', 0),
	('qQ353aba1d344ec', 2147483647, '1403757011', '1406349011', 0),
	('qQ853ab9d66d023', 2147483647, '1403755878', '1406347878', 0),
	('qR753abaa26b014', 2147483647, '1403759142', '1406351142', 0),
	('qR853ab9d677da0', 2147483647, '1403755879', '1406347879', 0),
	('qR853abaed3ab10', 83748267, '1403760339', '1406352339', 0),
	('Qt453aba121e48e', 2147483647, '1403756833', '1406348833', 0),
	('Qu653abaa245866', 2147483647, '1403759140', '1406351140', 0),
	('Qv353ab9c8ec781', 2147483647, '1403755662', '1406347662', 0),
	('qV353ab9cb6e26f', 2147483647, '1403755702', '1406347702', 0),
	('Qv353abad0560fb', 38632488, '1403759877', '1406351877', 0),
	('qV353abad05b7a8', 38632488, '1403759877', '1406351877', 0),
	('qV753ab9cd10de8', 2147483647, '1403755729', '1406347729', 0),
	('qV753abae3d9eb7', 86423334, '1403760189', '1406352189', 0),
	('qW453abaaae99ce', 2147483647, '1403759278', '1406351278', 0),
	('Qw553aba1201967', 2147483647, '1403756832', '1406348832', 0),
	('Qw553abb068c922', 77642559, '1403760744', '1406352744', 0),
	('Qy453ab9cb8de11', 2147483647, '1403755704', '1406347704', 0),
	('Qy453abab1aa265', 2147483647, '1403759386', '1406351386', 0),
	('Qy453abad918e65', 27786578, '1403760017', '1406352017', 0),
	('Qy653abaaaf57e6', 2147483647, '1403759279', '1406351279', 0),
	('qY853ab9cb7b392', 2147483647, '1403755703', '1406347703', 0),
	('qY853abad061975', 38632488, '1403759878', '1406351878', 0),
	('Qy953ab9d63b925', 2147483647, '1403755875', '1406347875', 0),
	('Qy953abae3ea496', 86423334, '1403760190', '1406352190', 0),
	('R2p53ab9d652287', 2147483647, '1403755877', '1406347877', 0),
	('R2p53abae3f3544', 86423334, '1403760191', '1406352191', 0),
	('R2x53aba1d465a7', 2147483647, '1403757012', '1406349012', 0),
	('R3j53ab9ccfb7cf', 2147483647, '1403755727', '1406347727', 0),
	('R3j53abad93452d', 27786578, '1403760019', '1406352019', 0),
	('R3m53ab9c8be8ea', 2147483647, '1403755659', '1406347659', 0),
	('R3q53ab9f6889ac', 2147483647, '1403756392', '1406348392', 0),
	('R3q53abab1ae2da', 2147483647, '1403759386', '1406351386', 0),
	('R3q53abaed4ba37', 83748267, '1403760340', '1406352340', 0),
	('R6q53aba1d21646', 2147483647, '1403757010', '1406349010', 0),
	('r7M53ab9cd13e40', 2147483647, '1403755729', '1406347729', 0),
	('r7M53abae3dd75c', 86423334, '1403760189', '1406352189', 0),
	('r7S53abaaf4051e', 2147483647, '1403759348', '1406351348', 0),
	('r8F53aba120bcbe', 2147483647, '1403756832', '1406348832', 0),
	('r8F53abb0695db8', 77642559, '1403760745', '1406352745', 0),
	('r8S53aba1d38949', 2147483647, '1403757011', '1406349011', 0),
	('R9y53aba11f7a90', 2147483647, '1403756831', '1406348831', 0),
	('R9y53abb0686c1d', 77642559, '1403760744', '1406352744', 0),
	('Ra253ab9cd0b1b8', 2147483647, '1403755728', '1406347728', 0),
	('Ra253abae3d6c6b', 86423334, '1403760189', '1406352189', 0),
	('rA353abaaaeef81', 2147483647, '1403759278', '1406351278', 0),
	('Ra553ab9f68683a', 2147483647, '1403756392', '1406348392', 0),
	('Ra553abaed4a3ff', 83748267, '1403760340', '1406352340', 0),
	('rB653aba1d30050', 2147483647, '1403757011', '1406349011', 0),
	('rJ253ab9d62e87f', 2147483647, '1403755874', '1406347874', 0),
	('Rj353aba1d349ce', 2147483647, '1403757011', '1406349011', 0),
	('Rm453abab1ab85e', 2147483647, '1403759386', '1406351386', 0),
	('rR553ab9d66516c', 2147483647, '1403755878', '1406347878', 0),
	('rR553abae405f47', 86423334, '1403760192', '1406352192', 0),
	('rT753abaab05d0a', 2147483647, '1403759280', '1406351280', 0),
	('Rv553abaab05058', 2147483647, '1403759280', '1406351280', 0),
	('Rv653abae3d288b', 86423334, '1403760189', '1406352189', 0),
	('rW353abaab03770', 2147483647, '1403759280', '1406351280', 0),
	('Rx453abab1a0bff', 2147483647, '1403759386', '1406351386', 0),
	('s3E53abaaf53922', 2147483647, '1403759349', '1406351349', 0),
	('S3t53aba1d37217', 2147483647, '1403757011', '1406349011', 0),
	('s4H53abaaf3d51f', 2147483647, '1403759347', '1406351347', 0),
	('S4k53ab9f68d51e', 2147483647, '1403756392', '1406348392', 0),
	('S4k53abaed4eef4', 83748267, '1403760340', '1406352340', 0),
	('s4N53abaaf3d03d', 2147483647, '1403759347', '1406351347', 0),
	('s4P53ab9f69a77a', 2147483647, '1403756393', '1406348393', 0),
	('s4P53abaed5ac11', 83748267, '1403760341', '1406352341', 0),
	('S4t53aba1d1dc45', 2147483647, '1403757009', '1406349009', 0),
	('s5J53ab9f6825d1', 2147483647, '1403756392', '1406348392', 0),
	('s5J53abaed46a22', 83748267, '1403760340', '1406352340', 0),
	('s7B53aba1d38e2b', 2147483647, '1403757011', '1406349011', 0),
	('s8C53aba1d3d4ba', 2147483647, '1403757011', '1406349011', 0),
	('s8N53abaaaf8e58', 2147483647, '1403759279', '1406351279', 0),
	('s9B53abaa24cd1b', 2147483647, '1403759140', '1406351140', 0),
	('s9C53ab9cce6c99', 2147483647, '1403755726', '1406347726', 0),
	('s9C53abad925a68', 27786578, '1403760018', '1406352018', 0),
	('s9P53ab9cce5db4', 2147483647, '1403755726', '1406347726', 0),
	('s9P53ab9f69ac5c', 2147483647, '1403756393', '1406348393', 0),
	('s9P53abad924b83', 27786578, '1403760018', '1406352018', 0),
	('s9P53abaed5b1af', 83748267, '1403760341', '1406352341', 0),
	('Sc253abaa245345', 2147483647, '1403759140', '1406351140', 0),
	('Sd653ab9cd07b08', 2147483647, '1403755728', '1406347728', 0),
	('sE953abaaf35a50', 2147483647, '1403759347', '1406351347', 0),
	('sF653abab19f1f9', 2147483647, '1403759385', '1406351385', 0),
	('sF953abab19cba4', 2147483647, '1403759385', '1406351385', 0),
	('Sh353abaa244943', 2147483647, '1403759140', '1406351140', 0),
	('Sj453abaaf41d4a', 2147483647, '1403759348', '1406351348', 0),
	('Sk753ab9f6a9df7', 2147483647, '1403756394', '1406348394', 0),
	('sK753abaa25d8d6', 2147483647, '1403759141', '1406351141', 0),
	('Sk753abb0681dbd', 77642559, '1403760744', '1406352744', 0),
	('Sm653abae3d309a', 86423334, '1403760189', '1406352189', 0),
	('sN353ab9cb8be15', 2147483647, '1403755704', '1406347704', 0),
	('Sp253abaaf59916', 2147483647, '1403759349', '1406351349', 0),
	('sP753abad057b59', 38632488, '1403759877', '1406351877', 0),
	('sR353ab9cd05acd', 2147483647, '1403755728', '1406347728', 0),
	('sR353abad93b7ee', 27786578, '1403760019', '1406352019', 0),
	('sT953aba1d32eb4', 2147483647, '1403757011', '1406349011', 0),
	('sW253ab9c8ce67c', 2147483647, '1403755660', '1406347660', 0),
	('sW253abab1b8a7b', 2147483647, '1403759387', '1406351387', 0),
	('Sx953abaaaebf29', 2147483647, '1403759278', '1406351278', 0),
	('t2E53abaaf373b4', 2147483647, '1403759347', '1406351347', 0),
	('t2J53ab9f6961e4', 2147483647, '1403756393', '1406348393', 0),
	('t2J53abaed569a8', 83748267, '1403760341', '1406352341', 0),
	('t2Q53ab9cb91850', 2147483647, '1403755705', '1406347705', 0),
	('t2Q53abad91c6cc', 27786578, '1403760017', '1406352017', 0),
	('T4a53aba120dac6', 2147483647, '1403756832', '1406348832', 0),
	('T4a53abb06965c7', 77642559, '1403760745', '1406352745', 0),
	('T4c53ab9d63963b', 2147483647, '1403755875', '1406347875', 0),
	('T4c53abae3e94f6', 86423334, '1403760190', '1406352190', 0),
	('T4e53abae3dddf3', 86423334, '1403760189', '1406352189', 0),
	('t4X53ab9d67bed1', 2147483647, '1403755879', '1406347879', 0),
	('t4X53abaed3d741', 83748267, '1403760339', '1406352339', 0),
	('t5J53ab9c8e80f2', 2147483647, '1403755662', '1406347662', 0),
	('t5J53abad0515c8', 38632488, '1403759877', '1406351877', 0),
	('T5m53abaaf48414', 2147483647, '1403759348', '1406351348', 0),
	('T7c53ab9cb8d96d', 2147483647, '1403755704', '1406347704', 0),
	('T7c53abad918463', 27786578, '1403760017', '1406352017', 0),
	('t8V53abaed40396', 83748267, '1403760340', '1406352340', 0),
	('T9g53abaaf33533', 2147483647, '1403759347', '1406351347', 0),
	('Ta253abab1a5ec3', 2147483647, '1403759386', '1406351386', 0),
	('Tb453ab9d64c80d', 2147483647, '1403755876', '1406347876', 0),
	('Tb453abae3f213f', 86423334, '1403760191', '1406352191', 0),
	('tB853abaaae5e7a', 2147483647, '1403759278', '1406351278', 0),
	('tE853ab9cd03a93', 2147483647, '1403755728', '1406347728', 0),
	('tE853abad9399e6', 27786578, '1403760019', '1406352019', 0),
	('tE953abaaf440ef', 2147483647, '1403759348', '1406351348', 0),
	('Tf353aba1d20eb4', 2147483647, '1403757010', '1406349010', 0),
	('tF753aba1d209d2', 2147483647, '1403757010', '1406349010', 0),
	('Tg353ab9ccf7046', 2147483647, '1403755727', '1406347727', 0),
	('Tg353abaa24330b', 2147483647, '1403759140', '1406351140', 0),
	('Tg353abad9308a0', 27786578, '1403760019', '1406352019', 0),
	('tG853abaed41181', 83748267, '1403760340', '1406352340', 0),
	('Tg953aba121ab2d', 2147483647, '1403756833', '1406348833', 0),
	('Tk853abaa2675b9', 2147483647, '1403759142', '1406351142', 0),
	('tM453ab9d635fc9', 2147483647, '1403755875', '1406347875', 0),
	('tM453abae3e720c', 86423334, '1403760190', '1406352190', 0),
	('Tq253abaa265c94', 2147483647, '1403759142', '1406351142', 0),
	('tR253ab9cb7dbdb', 2147483647, '1403755703', '1406347703', 0),
	('tR253abad063e53', 38632488, '1403759878', '1406351878', 0),
	('Ts453ab9cd0268d', 2147483647, '1403755728', '1406347728', 0),
	('Ts453abad9385a2', 27786578, '1403760019', '1406352019', 0),
	('Tw253abaa25c7bf', 2147483647, '1403759141', '1406351141', 0),
	('Tw453aba121df6d', 2147483647, '1403756833', '1406348833', 0),
	('tY353abaaadb6d8', 2147483647, '1403759277', '1406351277', 0),
	('Tz553ab9cd089ec', 2147483647, '1403755728', '1406347728', 0),
	('Tz553abae3d48c6', 86423334, '1403760189', '1406352189', 0),
	('u2S53ab9c8e7b93', 2147483647, '1403755662', '1406347662', 0),
	('u2S53abad051069', 38632488, '1403759877', '1406351877', 0),
	('U3d53ab9cce7fe3', 2147483647, '1403755726', '1406347726', 0),
	('U3d53abad9269c9', 27786578, '1403760018', '1406352018', 0),
	('u3V53ab9cce91f4', 2147483647, '1403755726', '1406347726', 0),
	('u3V53abad92786f', 27786578, '1403760018', '1406352018', 0),
	('U4p53ab9cb89fce', 2147483647, '1403755704', '1406347704', 0),
	('U4p53abad06df77', 38632488, '1403759878', '1406351878', 0),
	('u4T53abaa269e02', 2147483647, '1403759142', '1406351142', 0),
	('u5K53aba1200f65', 2147483647, '1403756832', '1406348832', 0),
	('u5K53abb068bf20', 77642559, '1403760744', '1406352744', 0),
	('u5M53abab1a3d8f', 2147483647, '1403759386', '1406351386', 0),
	('u5P53ab9cb71694', 2147483647, '1403755703', '1406347703', 0),
	('u5P53abad05bd07', 38632488, '1403759877', '1406351877', 0),
	('u6C53ab9c8d599f', 2147483647, '1403755661', '1406347661', 0),
	('u6C53abab1baab5', 2147483647, '1403759387', '1406351387', 0),
	('U6y53aba1d3dbcf', 2147483647, '1403757011', '1406349011', 0),
	('U6y53abaaf3e348', 2147483647, '1403759347', '1406351347', 0),
	('u7B53abaaf3a0df', 2147483647, '1403759347', '1406351347', 0),
	('u7X53ab9cb85ab6', 2147483647, '1403755704', '1406347704', 0),
	('u7X53abad0698e8', 38632488, '1403759878', '1406351878', 0),
	('u8E53ab9cd075e7', 2147483647, '1403755728', '1406347728', 0),
	('U8k53ab9cd09b42', 2147483647, '1403755728', '1406347728', 0),
	('U8k53abae3d5866', 86423334, '1403760189', '1406352189', 0),
	('u9H53ab9d632d7d', 2147483647, '1403755875', '1406347875', 0),
	('U9h53aba11fb911', 2147483647, '1403756831', '1406348831', 0),
	('u9H53abae3e403d', 86423334, '1403760190', '1406352190', 0),
	('U9h53abb06886b9', 77642559, '1403760744', '1406352744', 0),
	('U9n53ab9cb7833a', 2147483647, '1403755703', '1406347703', 0),
	('U9n53abad05e9f4', 38632488, '1403759877', '1406351877', 0),
	('uA253abaaf568bf', 2147483647, '1403759349', '1406351349', 0),
	('Ud353ab9f6a98d7', 2147483647, '1403756394', '1406348394', 0),
	('Ud353abb06815ae', 77642559, '1403760744', '1406352744', 0),
	('Uf353abaaaddafb', 2147483647, '1403759277', '1406351277', 0),
	('Uf453ab9c8e1640', 2147483647, '1403755662', '1406347662', 0),
	('uG853abaaad9c3c', 2147483647, '1403759277', '1406351277', 0),
	('uH553ab9cb7a98f', 2147483647, '1403755703', '1406347703', 0),
	('uH553abad060f72', 38632488, '1403759878', '1406351878', 0),
	('Uj553aba1208c66', 2147483647, '1403756832', '1406348832', 0),
	('Uj553abb06939d4', 77642559, '1403760745', '1406352745', 0),
	('uJ753aba121da8b', 2147483647, '1403756833', '1406348833', 0),
	('uK353ab9ccf55e7', 2147483647, '1403755727', '1406347727', 0),
	('uK353abad92f2c2', 27786578, '1403760018', '1406352018', 0),
	('Un353aba1d1be7b', 2147483647, '1403757009', '1406349009', 0),
	('uP353abaaf52a3e', 2147483647, '1403759349', '1406351349', 0),
	('Ur653ab9c8dd4ad', 2147483647, '1403755661', '1406347661', 0),
	('Ur653abab1c9d8a', 2147483647, '1403759388', '1406351388', 0),
	('uS553aba1d43649', 2147483647, '1403757012', '1406349012', 0),
	('Us553abaa24ace0', 2147483647, '1403759140', '1406351140', 0),
	('Uu253ab9cb97324', 2147483647, '1403755705', '1406347705', 0),
	('Uu253abad9220c9', 27786578, '1403760018', '1406352018', 0),
	('Uv853ab9cb8eb7e', 2147483647, '1403755704', '1406347704', 0),
	('Uv853abad91a2a9', 27786578, '1403760017', '1406352017', 0),
	('uV953ab9f69bdb1', 2147483647, '1403756393', '1406348393', 0),
	('uW353abaaf35f70', 2147483647, '1403759347', '1406351347', 0),
	('uW853ab9cced49b', 2147483647, '1403755726', '1406347726', 0),
	('uW853abad92c885', 27786578, '1403760018', '1406352018', 0),
	('uZ253abaa242dea', 2147483647, '1403759140', '1406351140', 0),
	('V2y53ab9f6816ec', 2147483647, '1403756392', '1406348392', 0),
	('V2y53abaed4601f', 83748267, '1403760340', '1406352340', 0),
	('V3e53ab9cd0ca61', 2147483647, '1403755728', '1406347728', 0),
	('V3e53abae3d8552', 86423334, '1403760189', '1406352189', 0),
	('V3h53abab1a4791', 2147483647, '1403759386', '1406351386', 0),
	('v3X53ab9d63aafc', 2147483647, '1403755875', '1406347875', 0),
	('v3X53abae3e9a55', 86423334, '1403760190', '1406352190', 0),
	('V4m53aba1d3b4be', 2147483647, '1403757011', '1406349011', 0),
	('v4T53ab9cb97844', 2147483647, '1403755705', '1406347705', 0),
	('v4T53abad922760', 27786578, '1403760018', '1406352018', 0),
	('V4y53abaaf4a392', 2147483647, '1403759348', '1406351348', 0),
	('V6a53aba1213a61', 2147483647, '1403756833', '1406348833', 0),
	('V6a53abb0698a67', 77642559, '1403760745', '1406352745', 0),
	('v6R53ab9f68078a', 2147483647, '1403756392', '1406348392', 0),
	('v6R53abaed45179', 83748267, '1403760340', '1406352340', 0),
	('V6x53ab9c8d63e0', 2147483647, '1403755661', '1406347661', 0),
	('V6x53abab1bbc0b', 2147483647, '1403759387', '1406351387', 0),
	('V7t53aba1d43b6a', 2147483647, '1403757012', '1406349012', 0),
	('V7v53ab9d66c891', 2147483647, '1403755878', '1406347878', 0),
	('v8E53aba1215f7d', 2147483647, '1403756833', '1406348833', 0),
	('v8R53ab9ccfe633', 2147483647, '1403755727', '1406347727', 0),
	('v8R53abad935dd6', 27786578, '1403760019', '1406352019', 0),
	('v9V53abaa2695f4', 2147483647, '1403759142', '1406351142', 0),
	('Vb653abaaf4cdd0', 2147483647, '1403759348', '1406351348', 0),
	('vC353aba121557b', 2147483647, '1403756833', '1406348833', 0),
	('vE553ab9f69d3ab', 2147483647, '1403756393', '1406348393', 0),
	('vE553abb06792eb', 77642559, '1403760743', '1406352743', 0),
	('vF553ab9d64a9c7', 2147483647, '1403755876', '1406347876', 0),
	('vF553abae3f0b07', 86423334, '1403760191', '1406352191', 0),
	('Vg753abaaf56da1', 2147483647, '1403759349', '1406351349', 0),
	('Vh253abaa248ca6', 2147483647, '1403759140', '1406351140', 0),
	('Vj253ab9c8d7d45', 2147483647, '1403755661', '1406347661', 0),
	('Vj253abab1bd66a', 2147483647, '1403759387', '1406351387', 0),
	('Vm753ab9c8cd4e8', 2147483647, '1403755660', '1406347660', 0),
	('Vm753abab1b79a2', 2147483647, '1403759387', '1406351387', 0),
	('vN953abaaf57f35', 2147483647, '1403759349', '1406351349', 0),
	('Vq853ab9d667494', 2147483647, '1403755878', '1406347878', 0),
	('Vq853abae407158', 86423334, '1403760192', '1406352192', 0),
	('vV253ab9d67e5e1', 2147483647, '1403755879', '1406347879', 0),
	('vV253abaed3ecfc', 83748267, '1403760339', '1406352339', 0),
	('Vv553ab9cd1320b', 2147483647, '1403755729', '1406347729', 0),
	('Vv553abae3dcb26', 86423334, '1403760189', '1406352189', 0),
	('vY353ab9f68cb1b', 2147483647, '1403756392', '1406348392', 0),
	('vY353abaed4e4f1', 83748267, '1403760340', '1406352340', 0),
	('w2J53ab9c8db434', 2147483647, '1403755661', '1406347661', 0),
	('w2J53abab1c7c55', 2147483647, '1403759388', '1406351388', 0),
	('W2k53aba1d3e610', 2147483647, '1403757011', '1406349011', 0),
	('w3D53abaaf55cc8', 2147483647, '1403759349', '1406351349', 0),
	('w3P53ab9cd02b6f', 2147483647, '1403755728', '1406347728', 0),
	('w3P53abad938a46', 27786578, '1403760019', '1406352019', 0),
	('W4t53abaa264d70', 2147483647, '1403759142', '1406351142', 0),
	('W4y53abaaaf1c53', 2147483647, '1403759279', '1406351279', 0),
	('W5p53ab9cb86ebb', 2147483647, '1403755704', '1406347704', 0),
	('W5p53abad06ad2c', 38632488, '1403759878', '1406351878', 0),
	('w6U53ab9d631e5a', 2147483647, '1403755875', '1406347875', 0),
	('w6U53abae3e33ca', 86423334, '1403760190', '1406352190', 0),
	('w6X53aba1d36a08', 2147483647, '1403757011', '1406349011', 0),
	('W7f53abaa262b42', 2147483647, '1403759142', '1406351142', 0),
	('W8h53aba1206f1a', 2147483647, '1403756832', '1406348832', 0),
	('W8h53abb0692032', 77642559, '1403760745', '1406352745', 0),
	('w8U53abaa24b915', 2147483647, '1403759140', '1406351140', 0),
	('W9c53ab9f69e9e2', 2147483647, '1403756393', '1406348393', 0),
	('W9c53abb067a53b', 77642559, '1403760743', '1406352743', 0),
	('w9U53abaa26aa76', 2147483647, '1403759142', '1406351142', 0),
	('w9Y53ab9f698d5a', 2147483647, '1403756393', '1406348393', 0),
	('w9Y53abaed59174', 83748267, '1403760341', '1406352341', 0),
	('wA253ab9cb77743', 2147483647, '1403755703', '1406347703', 0),
	('wA253abad05e550', 38632488, '1403759877', '1406351877', 0),
	('Wg853aba12179dc', 2147483647, '1403756833', '1406348833', 0),
	('Wh453ab9f68df21', 2147483647, '1403756392', '1406348392', 0),
	('Wh453abaed50511', 83748267, '1403760341', '1406352341', 0),
	('wH653ab9cb810fa', 2147483647, '1403755704', '1406347704', 0),
	('wH653abad065c9a', 38632488, '1403759878', '1406351878', 0),
	('Wj553aba12049bf', 2147483647, '1403756832', '1406348832', 0),
	('Wj553abb068eb51', 77642559, '1403760744', '1406352744', 0),
	('Wn253aba1d3af9e', 2147483647, '1403757011', '1406349011', 0),
	('wN653ab9c8c8be7', 2147483647, '1403755660', '1406347660', 0),
	('wN653abab1b3313', 2147483647, '1403759387', '1406351387', 0),
	('Wp953ab9cb94a1f', 2147483647, '1403755705', '1406347705', 0),
	('Wp953abad920244', 27786578, '1403760018', '1406352018', 0),
	('wR253abab1a7096', 2147483647, '1403759386', '1406351386', 0),
	('wS453abab1a4271', 2147483647, '1403759386', '1406351386', 0),
	('wX853aba1d3eaf2', 2147483647, '1403757011', '1406349011', 0),
	('Wy753abab1a1d54', 2147483647, '1403759386', '1406351386', 0),
	('wZ453aba11f62a3', 2147483647, '1403756831', '1406348831', 0),
	('wZ453abb0685c3e', 77642559, '1403760744', '1406352744', 0),
	('x2W53aba1d202fc', 2147483647, '1403757010', '1406349010', 0),
	('x2X53ab9f6a0cb2', 2147483647, '1403756394', '1406348394', 0),
	('x2X53abb067ad49', 77642559, '1403760743', '1406352743', 0),
	('x3H53abaa25914d', 2147483647, '1403759141', '1406351141', 0),
	('X4p53aba11fd851', 2147483647, '1403756831', '1406348831', 0),
	('X4p53abb068a2cd', 77642559, '1403760744', '1406352744', 0),
	('x5P53ab9f68ba04', 2147483647, '1403756392', '1406348392', 0),
	('x5P53abaed4d64b', 83748267, '1403760340', '1406352340', 0),
	('X5q53abaa24de70', 2147483647, '1403759140', '1406351140', 0),
	('X6e53ab9ccf9795', 2147483647, '1403755727', '1406347727', 0),
	('X6e53abad9326e7', 27786578, '1403760019', '1406352019', 0),
	('X6g53abab1a4e68', 2147483647, '1403759386', '1406351386', 0),
	('x6V53ab9d62f33d', 2147483647, '1403755874', '1406347874', 0),
	('x6V53abae3e1777', 86423334, '1403760190', '1406352190', 0),
	('x7B53aba1d3c0b5', 2147483647, '1403757011', '1406349011', 0),
	('x7G53aba1d33396', 2147483647, '1403757011', '1406349011', 0),
	('x7J53ab9d634664', 2147483647, '1403755875', '1406347875', 0),
	('x7J53abae3e505b', 86423334, '1403760190', '1406352190', 0),
	('x8Z53abaaafe7f3', 2147483647, '1403759279', '1406351279', 0),
	('xA353abaaae8d99', 2147483647, '1403759278', '1406351278', 0),
	('xA853abaa24d950', 2147483647, '1403759140', '1406351140', 0),
	('Xc353abaa24a7fe', 2147483647, '1403759140', '1406351140', 0),
	('Xf653abaaf4a875', 2147483647, '1403759348', '1406351348', 0),
	('Xk353ab9ccead0e', 2147483647, '1403755726', '1406347726', 0),
	('Xk353abad92a1f1', 27786578, '1403760018', '1406352018', 0),
	('xK653ab9ccf2590', 2147483647, '1403755727', '1406347727', 0),
	('xK653abad92dc8a', 27786578, '1403760018', '1406352018', 0),
	('Xk853abaaadea9b', 2147483647, '1403759277', '1406351277', 0),
	('xM553ab9c8e60b7', 2147483647, '1403755662', '1406347662', 0),
	('xM553abad04e452', 38632488, '1403759876', '1406351876', 0),
	('Xn353abaa25651c', 2147483647, '1403759141', '1406351141', 0),
	('Xp453abaaf36e55', 2147483647, '1403759347', '1406351347', 0),
	('Xr853abaaf447c5', 2147483647, '1403759348', '1406351348', 0),
	('Xw753aba121bf33', 2147483647, '1403756833', '1406348833', 0),
	('xX853ab9f67e4bb', 2147483647, '1403756391', '1406348391', 0),
	('xX853abaed441d9', 83748267, '1403760340', '1406352340', 0),
	('xZ653abaaf4297f', 2147483647, '1403759348', '1406351348', 0),
	('Y2e53abaaaf6f18', 2147483647, '1403759279', '1406351279', 0),
	('y2U53abaa254dea', 2147483647, '1403759141', '1406351141', 0),
	('Y2y53aba1215a9b', 2147483647, '1403756833', '1406348833', 0),
	('y3A53ab9cb8c817', 2147483647, '1403755704', '1406347704', 0),
	('y3C53abad9160bd', 27786578, '1403760017', '1406352017', 0),
	('Y3q53ab9cb76b0e', 2147483647, '1403755703', '1406347703', 0),
	('Y3q53abad05dff1', 38632488, '1403759877', '1406351877', 0),
	('Y4q53aba11fe775', 2147483647, '1403756831', '1406348831', 0),
	('y4Q53abaaf3c63a', 2147483647, '1403759347', '1406351347', 0),
	('Y4q53abb068b711', 77642559, '1403760744', '1406352744', 0),
	('y4T53abaaaf5f77', 2147483647, '1403759279', '1406351279', 0),
	('Y5p53abaab06884', 2147483647, '1403759280', '1406351280', 0),
	('Y7b53ab9cb6c8cc', 2147483647, '1403755702', '1406347702', 0),
	('Y7b53abad059ec0', 38632488, '1403759877', '1406351877', 0),
	('Y7d53ab9c8e9d06', 2147483647, '1403755662', '1406347662', 0),
	('Y7d53abad053297', 38632488, '1403759877', '1406351877', 0),
	('Y7r53aba1d39add', 2147483647, '1403757011', '1406349011', 0),
	('Y7v53ab9cb884f3', 2147483647, '1403755704', '1406347704', 0),
	('Y7v53abad06c131', 38632488, '1403759878', '1406351878', 0),
	('Y7w53aba1202bb7', 2147483647, '1403756832', '1406348832', 0),
	('Y7w53abb068d131', 77642559, '1403760744', '1406352744', 0),
	('Y7y53ab9cce67b7', 2147483647, '1403755726', '1406347726', 0),
	('Y7y53abad9255c4', 27786578, '1403760018', '1406352018', 0),
	('Y9p53aba1d2b5f3', 2147483647, '1403757010', '1406349010', 0),
	('yA753aba11fdd34', 2147483647, '1403756831', '1406348831', 0),
	('Ya753aba120a06c', 2147483647, '1403756832', '1406348832', 0),
	('yA753abb068ac15', 77642559, '1403760744', '1406352744', 0),
	('Ya753abb0694ba7', 77642559, '1403760745', '1406352745', 0),
	('Yb353aba11fe254', 2147483647, '1403756831', '1406348831', 0),
	('Yb353abb068b0f7', 77642559, '1403760744', '1406352744', 0),
	('yF553abaa257112', 2147483647, '1403759141', '1406351141', 0),
	('Yg253abaaaf839a', 2147483647, '1403759279', '1406351279', 0),
	('yG853ab9cb6bcd5', 2147483647, '1403755702', '1406347702', 0),
	('yG853abad0594be', 38632488, '1403759877', '1406351877', 0),
	('Yh453abaaafa77e', 2147483647, '1403759279', '1406351279', 0),
	('yN553ab9f6a89b4', 2147483647, '1403756394', '1406348394', 0),
	('yN553abb06811c6', 77642559, '1403760744', '1406352744', 0),
	('yS553ab9f679f25', 2147483647, '1403756391', '1406348391', 0),
	('Yt253aba1d4456c', 2147483647, '1403757012', '1406349012', 0),
	('yV753ab9cb8447e', 2147483647, '1403755704', '1406347704', 0),
	('yV753abad0684e3', 38632488, '1403759878', '1406351878', 0),
	('yY953ab9f6aa9ee', 2147483647, '1403756394', '1406348394', 0),
	('yY953abb06827fe', 77642559, '1403760744', '1406352744', 0),
	('z2H53abaaf43b90', 2147483647, '1403759348', '1406351348', 0),
	('z2M53ab9d64c0f9', 2147483647, '1403755876', '1406347876', 0),
	('z2M53abae3f1ba2', 86423334, '1403760191', '1406352191', 0),
	('z3K53ab9c8dcfcb', 2147483647, '1403755661', '1406347661', 0),
	('z3K53abab1c9637', 2147483647, '1403759388', '1406351388', 0),
	('Z3n53abab1abd40', 2147483647, '1403759386', '1406351386', 0),
	('z3R53abaa261d19', 2147483647, '1403759142', '1406351142', 0),
	('z4A53ab9cd09622', 2147483647, '1403755728', '1406347728', 0),
	('z4A53abae3d52c8', 86423334, '1403760189', '1406352189', 0),
	('z4K53ab9cd12902', 2147483647, '1403755729', '1406347729', 0),
	('z4K53abae3dc5c7', 86423334, '1403760189', '1406352189', 0),
	('z4Y53abaaf313c0', 2147483647, '1403759347', '1406351347', 0),
	('z5W53ab9d63c22e', 2147483647, '1403755875', '1406347875', 0),
	('z5W53abae3ea8fc', 86423334, '1403760190', '1406352190', 0),
	('z7F53ab9f69781c', 2147483647, '1403756393', '1406348393', 0),
	('z7F53abaed57d6f', 83748267, '1403760341', '1406352341', 0),
	('Z8a53ab9f68abdb', 2147483647, '1403756392', '1406348392', 0),
	('Z8a53abaed4cc48', 83748267, '1403760340', '1406352340', 0),
	('Z8c53ab9c8ed23f', 2147483647, '1403755662', '1406347662', 0),
	('Z8c53abad056b3c', 38632488, '1403759877', '1406351877', 0),
	('z8S53ab9c8dda0c', 2147483647, '1403755661', '1406347661', 0),
	('z8S53abab1ca22d', 2147483647, '1403759388', '1406351388', 0),
	('Z8u53abad915a25', 27786578, '1403760017', '1406352017', 0),
	('Z8z53abaa250f69', 2147483647, '1403759141', '1406351141', 0),
	('Zb753ab9c8eb7e1', 2147483647, '1403755662', '1406347662', 0),
	('Zb753abad054c3a', 38632488, '1403759877', '1406351877', 0),
	('Zd653ab9cd11ec1', 2147483647, '1403755729', '1406347729', 0),
	('Zd653abae3daf90', 86423334, '1403760189', '1406352189', 0),
	('zE753ab9d635970', 2147483647, '1403755875', '1406347875', 0),
	('zE753abae3e6cad', 86423334, '1403760190', '1406352190', 0),
	('Zn353ab9cd01538', 2147483647, '1403755728', '1406347728', 0),
	('Zn353abad937602', 27786578, '1403760019', '1406352019', 0),
	('zN453aba1d38428', 2147483647, '1403757011', '1406349011', 0),
	('Zn853abaa24a2dd', 2147483647, '1403759140', '1406351140', 0),
	('zN953ab9cce9e29', 2147483647, '1403755726', '1406347726', 0),
	('zN953abad9282b1', 27786578, '1403760018', '1406352018', 0),
	('Zp953ab9cb832ea', 2147483647, '1403755704', '1406347704', 0),
	('Zp953abad06763c', 38632488, '1403759878', '1406351878', 0),
	('zR553ab9d6610f7', 2147483647, '1403755878', '1406347878', 0),
	('zR553abae4045a4', 86423334, '1403760192', '1406352192', 0),
	('zS453ab9cb8a52d', 2147483647, '1403755704', '1406347704', 0),
	('zS453abad06e9b9', 38632488, '1403759878', '1406351878', 0),
	('Zs953ab9cd0a024', 2147483647, '1403755728', '1406347728', 0),
	('Zs953abae3d5d09', 86423334, '1403760189', '1406352189', 0),
	('Zt553ab9cb6ce2b', 2147483647, '1403755702', '1406347702', 0),
	('Zt553abad05a364', 38632488, '1403759877', '1406351877', 0),
	('Zu653ab9d66ea81', 2147483647, '1403755878', '1406347878', 0),
	('Zu653abaed3526f', 83748267, '1403760339', '1406352339', 0),
	('zV453ab9f6a2d2b', 2147483647, '1403756394', '1406348394', 0),
	('zV453abaaae7df9', 2147483647, '1403759278', '1406351278', 0),
	('zV453abb067c8a2', 77642559, '1403760743', '1406352743', 0),
	('Zw953ab9c8cbac8', 2147483647, '1403755660', '1406347660', 0),
	('Zw953abab1b655e', 2147483647, '1403759387', '1406351387', 0),
	('Zz553ab9cd07fea', 2147483647, '1403755728', '1406347728', 0),
	('Zz553abae3d35f9', 86423334, '1403760189', '1406352189', 0);
/*!40000 ALTER TABLE `user_token` ENABLE KEYS */;
/*!40101 SET SQL_MODE=IFNULL(@OLD_SQL_MODE, '') */;
/*!40014 SET FOREIGN_KEY_CHECKS=IF(@OLD_FOREIGN_KEY_CHECKS IS NULL, 1, @OLD_FOREIGN_KEY_CHECKS) */;
/*!40101 SET CHARACTER_SET_CLIENT=@OLD_CHARACTER_SET_CLIENT */;
